1,1,1
1,2,2
2,3,1
2,5,2
2,4,x
3,6,1
3,8,2
3,7,x
4,9,1
4,10,2
5,11,1
5,13,2
5,12,x
6,3825,1
6,3826,2
6,15,o
6,14,u
7,16,1
7,18,2
7,17,x
8,19,1
8,20,2
9,21,1
9,22,2
10,23,1
10,25,2
10,24,x
11,26,1
11,28,2
11,27,x
12,29,1
12,31,2
12,30,x
13,32,1
13,34,2
13,33,x
14,35,1
14,36,2
15,37,1
15,39,2
15,38,x
16,43,0:2
16,42,1:2
16,40,2:0
16,41,2:1
17,49,0:3
17,48,1:3
17,47,2:3
17,44,3:0
17,45,3:1
17,46,3:2
18,50,1
18,52,2
18,51,x
19,3520,1
19,3521,2
19,54,o
19,53,u
20,55,1
20,57,2
20,56,x
21,58,2
21,59,3
22,60,3
22,61,4
22,62,5
23,63,0:0
23,67,0:1
23,71,0:2
23,75,0:3
23,64,1:0
23,68,1:1
23,72,1:2
23,76,1:3
23,65,2:0
23,69,2:1
23,73,2:2
23,77,2:3
23,66,3:0
23,70,3:1
23,74,3:2
23,78,3:3
23,79,other
24,81,12
24,80,1X
24,82,X2
25,83,0
25,84,1
25,85,2
25,86,3+
26,87,0:0
26,91,0:1
26,94,0:2
26,96,0:3
26,88,1:0
26,92,1:1
26,95,1:2
26,89,2:0
26,93,2:1
26,90,3:0
27,97,goal
27,98,nogoal
28,100,even
28,99,odd
29,101,0
29,102,1
29,103,2
29,104,3+
30,106,over
30,105,under
31,107,1
31,108,2
32,110,over
32,109,under
33,111,1
33,112,2
34,113,1
34,114,2
35,115,1
35,116,2
36,118,over
36,117,under
37,120,even
37,119,odd
38,121,1
38,122,2
39,123,1
39,125,2
39,124,x
40,127,over
40,126,under
41,128,1
41,129,2
42,131,even
42,130,odd
43,132,1
43,133,2
44,135,over
44,134,under
45,136,1
45,137,2
46,138,1
46,139,2
47,141,over
47,140,under
48,142,1
48,143,2
49,144,1
49,145,2
50,147,over
50,146,under
51,148,1
51,149,2
52,150,1
52,152,2
52,151,x
53,154,even
53,153,odd
54,156,even
54,155,odd
55,158,even
55,157,odd
56,159,1
56,160,2
57,162,even
57,161,odd
58,164,no
58,163,yes
59,165,1
59,166,2
60,167,1
60,168,2
61,169,1
61,170,2
62,171,0
62,172,1
62,173,2
62,174,3
62,175,4
62,176,5
63,178,even
63,177,odd
64,180,over
64,179,under
65,181,1
65,182,2
66,183,1
66,184,2
67,185,1
67,186,2
68,187,1
68,188,2
69,189,1
69,190,2
70,191,1
70,192,2
71,193,1
71,194,2
72,195,1
72,196,2
73,197,1
73,198,2
74,199,1
74,200,2
75,201,1
75,202,2
76,209,AT > 10
76,207,AT 1-5
76,208,AT 6-10
76,206,Draw
76,203,HT > 10
76,205,HT 1-5
76,204,HT 6-10
77,211,over
77,210,under
78,213,over
78,212,under
79,215,over
79,214,under
80,217,over
80,216,under
81,219,over
81,218,under
82,221,over
82,220,under
83,222,1
83,223,2
84,224,1
84,225,2
85,226,1
85,227,2
86,228,1
86,229,2
87,230,1
87,231,2
88,233,even
88,232,odd
89,235,even
89,234,odd
90,236,Player 1 to 0
90,237,Player 1 to 15
90,238,Player 1 to 30
90,239,Player 1 to 40
90,240,Player 2 to 0
90,241,Player 2 to 15
90,242,Player 2 to 30
90,243,Player 2 to 40
91,244,Player 1 to 0
91,245,Player 1 to 15
91,246,Player 1 to 30
91,247,Player 1 to 40
91,248,Player 2 to 0
91,249,Player 2 to 15
91,250,Player 2 to 30
91,251,Player 2 to 40
92,252,Player 1 to 0
92,253,Player 1 to 15
92,254,Player 1 to 30
92,255,Player 1 to 40
92,256,Player 2 to 0
92,257,Player 2 to 15
92,258,Player 2 to 30
92,259,Player 2 to 40
93,260,Player 1 to 0
93,261,Player 1 to 15
93,262,Player 1 to 30
93,263,Player 1 to 40
93,264,Player 2 to 0
93,265,Player 2 to 15
93,266,Player 2 to 30
93,267,Player 2 to 40
94,268,Player 1 to 0
94,269,Player 1 to 15
94,270,Player 1 to 30
94,271,Player 1 to 40
94,272,Player 2 to 0
94,273,Player 2 to 15
94,274,Player 2 to 30
94,275,Player 2 to 40
95,276,1
95,278,2
95,277,x
96,279,1
96,280,2
97,281,1
97,282,2
98,283,0:0
98,290,0:1
98,296,0:2
98,301,0:3
98,305,0:4
98,308,0:5
98,310,0:6
98,284,1:0
98,291,1:1
98,297,1:2
98,302,1:3
98,306,1:4
98,309,1:5
98,285,2:0
98,292,2:1
98,298,2:2
98,303,2:3
98,307,2:4
98,286,3:0
98,293,3:1
98,299,3:2
98,304,3:3
98,287,4:0
98,294,4:1
98,300,4:2
98,288,5:0
98,295,5:1
98,289,6:0
99,311,0:0
99,320,0:1
99,328,0:2
99,335,0:3
99,341,0:4
99,346,0:5
99,350,0:6
99,353,0:7
99,355,0:8
99,312,1:0
99,321,1:1
99,329,1:2
99,336,1:3
99,342,1:4
99,347,1:5
99,351,1:6
99,354,1:7
99,313,2:0
99,322,2:1
99,330,2:2
99,337,2:3
99,343,2:4
99,348,2:5
99,352,2:6
99,314,3:0
99,323,3:1
99,331,3:2
99,338,3:3
99,344,3:4
99,349,3:5
99,315,4:0
99,324,4:1
99,332,4:2
99,339,4:3
99,345,4:4
99,316,5:0
99,325,5:1
99,333,5:2
99,340,5:3
99,317,6:0
99,326,6:1
99,334,6:2
99,318,7:0
99,327,7:1
99,319,8:0
100,356,1
100,357,2
101,358,1
101,360,2
101,359,x
102,365,Break
102,361,Server to 0
102,362,Server to 15
102,363,Server to 30
102,364,Server to 40
103,370,Break
103,366,Server to 0
103,367,Server to 15
103,368,Server to 30
103,369,Server to 40
104,375,Break
104,371,Server to 0
104,372,Server to 15
104,373,Server to 30
104,374,Server to 40
105,380,Break
105,376,Server to 0
105,377,Server to 15
105,378,Server to 30
105,379,Server to 40
106,385,Break
106,381,Server to 0
106,382,Server to 15
106,383,Server to 30
106,384,Server to 40
107,386,1
107,387,2
108,388,1
108,389,2
109,390,1
109,392,2
109,391,x
110,393,0:0
110,397,0:1
110,400,0:2
110,402,0:3
110,394,1:0
110,398,1:1
110,401,1:2
110,395,2:0
110,399,2:1
110,396,3:0
111,403,0:0
111,406,0:1
111,408,0:2
111,404,1:0
111,407,1:1
111,405,2:0
112,409,min 01-15
112,410,min 16-30
112,411,min 31-45
112,412,min 46-60
112,413,min 61-75
112,414,min 76-90
112,415,no goal
113,418,equals
113,416,first half
113,417,second half
114,419,1
114,421,2
114,420,x
115,422,1
115,424,2
115,423,x
116,425,1
116,426,2
117,427,1
117,428,2
118,430,over
118,429,under
119,431,<9
119,433,12+
119,432,9-11
120,435,over
120,434,under
121,436,<5
121,437,5-6
121,438,7+
122,439,0-2
122,440,3-4
122,441,5-6
122,442,7+
123,443,0-2
123,444,3-4
123,445,5-6
123,446,7+
124,448,over
124,447,under
125,450,over
125,449,under
126,451,0-1
126,452,2
126,453,3
126,454,4+
127,455,0-1
127,456,2
127,457,3
127,458,4+
128,460,over
128,459,under
129,462,over
129,461,under
130,464,even
130,463,odd
131,466,even
131,465,odd
132,467,0
132,468,1
132,469,2
132,470,3
132,471,4
132,472,5
132,473,6+
133,474,0
133,475,1
133,476,2
133,477,3
133,478,4+
134,480,over
134,479,under
135,482,over
135,481,under
136,483,0
136,484,1
136,485,2
136,486,3+
137,487,0
137,488,1
137,489,2
137,490,3+
138,537,none
138,514,player away 1
138,523,player away 10
138,524,player away 11
138,525,player away 12
138,526,player away 13
138,527,player away 14
138,528,player away 15
138,529,player away 16
138,530,player away 17
138,531,player away 18
138,532,player away 19
138,515,player away 2
138,533,player away 20
138,534,player away 21
138,535,player away 22
138,536,player away 23
138,516,player away 3
138,517,player away 4
138,518,player away 5
138,519,player away 6
138,520,player away 7
138,521,player away 8
138,522,player away 9
138,491,player home 1
138,500,player home 10
138,501,player home 11
138,502,player home 12
138,503,player home 13
138,504,player home 14
138,505,player home 15
138,506,player home 16
138,507,player home 17
138,508,player home 18
138,509,player home 19
138,492,player home 2
138,510,player home 20
138,511,player home 21
138,512,player home 22
138,513,player home 23
138,493,player home 3
138,494,player home 4
138,495,player home 5
138,496,player home 6
138,497,player home 7
138,498,player home 8
138,499,player home 9
139,584,none
139,561,player away 1
139,570,player away 10
139,571,player away 11
139,572,player away 12
139,573,player away 13
139,574,player away 14
139,575,player away 15
139,576,player away 16
139,577,player away 17
139,578,player away 18
139,579,player away 19
139,562,player away 2
139,580,player away 20
139,581,player away 21
139,582,player away 22
139,583,player away 23
139,563,player away 3
139,564,player away 4
139,565,player away 5
139,566,player away 6
139,567,player away 7
139,568,player away 8
139,569,player away 9
139,538,player home 1
139,547,player home 10
139,548,player home 11
139,549,player home 12
139,550,player home 13
139,551,player home 14
139,552,player home 15
139,553,player home 16
139,554,player home 17
139,555,player home 18
139,556,player home 19
139,539,player home 2
139,557,player home 20
139,558,player home 21
139,559,player home 22
139,560,player home 23
139,540,player home 3
139,541,player home 4
139,542,player home 5
139,543,player home 6
139,544,player home 7
139,545,player home 8
139,546,player home 9
140,585,1
140,587,2
140,586,x
141,589,over
141,588,under
142,590,<4
142,597,10
142,598,11
142,599,12+
142,591,4
142,592,5
142,593,6
142,594,7
142,595,8
142,596,9
143,601,no
143,600,yes
144,603,over
144,602,under
145,605,over
145,604,under
146,607,over
146,606,under
147,608,0-30
147,609,31-45
147,610,46-60
147,611,61-75
147,612,76+
148,614,over
148,613,under
149,615,0
149,616,1
149,617,2
149,618,3
149,619,4
149,620,5
149,621,6+
150,623,over
150,622,under
151,625,over
151,624,under
152,627,over
152,626,under
153,628,0-10
153,629,11-25
153,630,26-40
153,631,41+
154,637,away and over
154,634,away and under
154,636,draw and over
154,633,draw and under
154,635,home and over
154,632,home and under
155,638,0-1
155,639,2-3
155,640,4-5
155,641,6+
156,642,0-1
156,643,2-3
156,644,4-5
156,645,6+
157,646,0:0
157,647,0:1
157,656,0:10
157,657,0:11
157,658,0:12
157,659,0:13
157,660,0:14
157,661,0:15
157,662,0:16
157,663,0:17
157,664,0:18
157,665,0:19
157,648,0:2
157,649,0:3
157,650,0:4
157,651,0:5
157,652,0:6
157,653,0:7
157,654,0:8
157,655,0:9
157,666,1:0
157,667,1:1
157,676,1:10
157,677,1:11
157,678,1:12
157,679,1:13
157,680,1:14
157,681,1:15
157,682,1:16
157,683,1:17
157,684,1:18
157,685,1:19
157,668,1:2
157,669,1:3
157,670,1:4
157,671,1:5
157,672,1:6
157,673,1:7
157,674,1:8
157,675,1:9
157,846,10:0
157,847,10:1
157,856,10:10
157,857,10:11
157,858,10:12
157,859,10:13
157,860,10:14
157,861,10:15
157,862,10:16
157,863,10:17
157,864,10:18
157,865,10:19
157,848,10:2
157,849,10:3
157,850,10:4
157,851,10:5
157,852,10:6
157,853,10:7
157,854,10:8
157,855,10:9
157,866,11:0
157,867,11:1
157,876,11:10
157,877,11:11
157,878,11:12
157,879,11:13
157,880,11:14
157,881,11:15
157,882,11:16
157,883,11:17
157,884,11:18
157,885,11:19
157,868,11:2
157,869,11:3
157,870,11:4
157,871,11:5
157,872,11:6
157,873,11:7
157,874,11:8
157,875,11:9
157,886,12:0
157,887,12:1
157,896,12:10
157,897,12:11
157,898,12:12
157,899,12:13
157,900,12:14
157,901,12:15
157,902,12:16
157,903,12:17
157,904,12:18
157,905,12:19
157,888,12:2
157,889,12:3
157,890,12:4
157,891,12:5
157,892,12:6
157,893,12:7
157,894,12:8
157,895,12:9
157,906,13:0
157,907,13:1
157,916,13:10
157,917,13:11
157,918,13:12
157,919,13:13
157,920,13:14
157,921,13:15
157,922,13:16
157,923,13:17
157,924,13:18
157,925,13:19
157,908,13:2
157,909,13:3
157,910,13:4
157,911,13:5
157,912,13:6
157,913,13:7
157,914,13:8
157,915,13:9
157,926,14:0
157,927,14:1
157,936,14:10
157,937,14:11
157,938,14:12
157,939,14:13
157,940,14:14
157,941,14:15
157,942,14:16
157,943,14:17
157,944,14:18
157,945,14:19
157,928,14:2
157,929,14:3
157,930,14:4
157,931,14:5
157,932,14:6
157,933,14:7
157,934,14:8
157,935,14:9
157,946,15:0
157,947,15:1
157,956,15:10
157,957,15:11
157,958,15:12
157,959,15:13
157,960,15:14
157,961,15:15
157,962,15:16
157,963,15:17
157,964,15:18
157,965,15:19
157,948,15:2
157,949,15:3
157,950,15:4
157,951,15:5
157,952,15:6
157,953,15:7
157,954,15:8
157,955,15:9
157,966,16:0
157,967,16:1
157,976,16:10
157,977,16:11
157,978,16:12
157,979,16:13
157,980,16:14
157,981,16:15
157,982,16:16
157,983,16:17
157,984,16:18
157,985,16:19
157,968,16:2
157,969,16:3
157,970,16:4
157,971,16:5
157,972,16:6
157,973,16:7
157,974,16:8
157,975,16:9
157,986,17:0
157,987,17:1
157,996,17:10
157,997,17:11
157,998,17:12
157,999,17:13
157,1000,17:14
157,1001,17:15
157,1002,17:16
157,1003,17:17
157,1004,17:18
157,1005,17:19
157,988,17:2
157,989,17:3
157,990,17:4
157,991,17:5
157,992,17:6
157,993,17:7
157,994,17:8
157,995,17:9
157,1006,18:0
157,1007,18:1
157,1016,18:10
157,1017,18:11
157,1018,18:12
157,1019,18:13
157,1020,18:14
157,1021,18:15
157,1022,18:16
157,1023,18:17
157,1024,18:18
157,1025,18:19
157,1008,18:2
157,1009,18:3
157,1010,18:4
157,1011,18:5
157,1012,18:6
157,1013,18:7
157,1014,18:8
157,1015,18:9
157,1026,19:0
157,1027,19:1
157,1036,19:10
157,1037,19:11
157,1038,19:12
157,1039,19:13
157,1040,19:14
157,1041,19:15
157,1042,19:16
157,1043,19:17
157,1044,19:18
157,1045,19:19
157,1028,19:2
157,1029,19:3
157,1030,19:4
157,1031,19:5
157,1032,19:6
157,1033,19:7
157,1034,19:8
157,1035,19:9
157,686,2:0
157,687,2:1
157,696,2:10
157,697,2:11
157,698,2:12
157,699,2:13
157,700,2:14
157,701,2:15
157,702,2:16
157,703,2:17
157,704,2:18
157,705,2:19
157,688,2:2
157,689,2:3
157,690,2:4
157,691,2:5
157,692,2:6
157,693,2:7
157,694,2:8
157,695,2:9
157,706,3:0
157,707,3:1
157,716,3:10
157,717,3:11
157,718,3:12
157,719,3:13
157,720,3:14
157,721,3:15
157,722,3:16
157,723,3:17
157,724,3:18
157,725,3:19
157,708,3:2
157,709,3:3
157,710,3:4
157,711,3:5
157,712,3:6
157,713,3:7
157,714,3:8
157,715,3:9
157,726,4:0
157,727,4:1
157,736,4:10
157,737,4:11
157,738,4:12
157,739,4:13
157,740,4:14
157,741,4:15
157,742,4:16
157,743,4:17
157,744,4:18
157,745,4:19
157,728,4:2
157,729,4:3
157,730,4:4
157,731,4:5
157,732,4:6
157,733,4:7
157,734,4:8
157,735,4:9
157,746,5:0
157,747,5:1
157,756,5:10
157,757,5:11
157,758,5:12
157,759,5:13
157,760,5:14
157,761,5:15
157,762,5:16
157,763,5:17
157,764,5:18
157,765,5:19
157,748,5:2
157,749,5:3
157,750,5:4
157,751,5:5
157,752,5:6
157,753,5:7
157,754,5:8
157,755,5:9
157,766,6:0
157,767,6:1
157,776,6:10
157,777,6:11
157,778,6:12
157,779,6:13
157,780,6:14
157,781,6:15
157,782,6:16
157,783,6:17
157,784,6:18
157,785,6:19
157,768,6:2
157,769,6:3
157,770,6:4
157,771,6:5
157,772,6:6
157,773,6:7
157,774,6:8
157,775,6:9
157,786,7:0
157,787,7:1
157,796,7:10
157,797,7:11
157,798,7:12
157,799,7:13
157,800,7:14
157,801,7:15
157,802,7:16
157,803,7:17
157,804,7:18
157,805,7:19
157,788,7:2
157,789,7:3
157,790,7:4
157,791,7:5
157,792,7:6
157,793,7:7
157,794,7:8
157,795,7:9
157,806,8:0
157,807,8:1
157,816,8:10
157,817,8:11
157,818,8:12
157,819,8:13
157,820,8:14
157,821,8:15
157,822,8:16
157,823,8:17
157,824,8:18
157,825,8:19
157,808,8:2
157,809,8:3
157,810,8:4
157,811,8:5
157,812,8:6
157,813,8:7
157,814,8:8
157,815,8:9
157,826,9:0
157,827,9:1
157,836,9:10
157,837,9:11
157,838,9:12
157,839,9:13
157,840,9:14
157,841,9:15
157,842,9:16
157,843,9:17
157,844,9:18
157,845,9:19
157,828,9:2
157,829,9:3
157,830,9:4
157,831,9:5
157,832,9:6
157,833,9:7
157,834,9:8
157,835,9:9
158,1046,0:0
158,1047,0:1
158,1056,0:10
158,1057,0:11
158,1058,0:12
158,1059,0:13
158,1060,0:14
158,1061,0:15
158,1062,0:16
158,1063,0:17
158,1064,0:18
158,1065,0:19
158,1048,0:2
158,1049,0:3
158,1050,0:4
158,1051,0:5
158,1052,0:6
158,1053,0:7
158,1054,0:8
158,1055,0:9
158,1066,1:0
158,1067,1:1
158,1076,1:10
158,1077,1:11
158,1078,1:12
158,1079,1:13
158,1080,1:14
158,1081,1:15
158,1082,1:16
158,1083,1:17
158,1084,1:18
158,1085,1:19
158,1068,1:2
158,1069,1:3
158,1070,1:4
158,1071,1:5
158,1072,1:6
158,1073,1:7
158,1074,1:8
158,1075,1:9
158,1246,10:0
158,1247,10:1
158,1256,10:10
158,1257,10:11
158,1258,10:12
158,1259,10:13
158,1260,10:14
158,1261,10:15
158,1262,10:16
158,1263,10:17
158,1264,10:18
158,1265,10:19
158,1248,10:2
158,1249,10:3
158,1250,10:4
158,1251,10:5
158,1252,10:6
158,1253,10:7
158,1254,10:8
158,1255,10:9
158,1266,11:0
158,1267,11:1
158,1276,11:10
158,1277,11:11
158,1278,11:12
158,1279,11:13
158,1280,11:14
158,1281,11:15
158,1282,11:16
158,1283,11:17
158,1284,11:18
158,1285,11:19
158,1268,11:2
158,1269,11:3
158,1270,11:4
158,1271,11:5
158,1272,11:6
158,1273,11:7
158,1274,11:8
158,1275,11:9
158,1286,12:0
158,1287,12:1
158,1296,12:10
158,1297,12:11
158,1298,12:12
158,1299,12:13
158,1300,12:14
158,1301,12:15
158,1302,12:16
158,1303,12:17
158,1304,12:18
158,1305,12:19
158,1288,12:2
158,1289,12:3
158,1290,12:4
158,1291,12:5
158,1292,12:6
158,1293,12:7
158,1294,12:8
158,1295,12:9
158,1306,13:0
158,1307,13:1
158,1316,13:10
158,1317,13:11
158,1318,13:12
158,1319,13:13
158,1320,13:14
158,1321,13:15
158,1322,13:16
158,1323,13:17
158,1324,13:18
158,1325,13:19
158,1308,13:2
158,1309,13:3
158,1310,13:4
158,1311,13:5
158,1312,13:6
158,1313,13:7
158,1314,13:8
158,1315,13:9
158,1326,14:0
158,1327,14:1
158,1336,14:10
158,1337,14:11
158,1338,14:12
158,1339,14:13
158,1340,14:14
158,1341,14:15
158,1342,14:16
158,1343,14:17
158,1344,14:18
158,1345,14:19
158,1328,14:2
158,1329,14:3
158,1330,14:4
158,1331,14:5
158,1332,14:6
158,1333,14:7
158,1334,14:8
158,1335,14:9
158,1346,15:0
158,1347,15:1
158,1356,15:10
158,1357,15:11
158,1358,15:12
158,1359,15:13
158,1360,15:14
158,1361,15:15
158,1362,15:16
158,1363,15:17
158,1364,15:18
158,1365,15:19
158,1348,15:2
158,1349,15:3
158,1350,15:4
158,1351,15:5
158,1352,15:6
158,1353,15:7
158,1354,15:8
158,1355,15:9
158,1366,16:0
158,1367,16:1
158,1376,16:10
158,1377,16:11
158,1378,16:12
158,1379,16:13
158,1380,16:14
158,1381,16:15
158,1382,16:16
158,1383,16:17
158,1384,16:18
158,1385,16:19
158,1368,16:2
158,1369,16:3
158,1370,16:4
158,1371,16:5
158,1372,16:6
158,1373,16:7
158,1374,16:8
158,1375,16:9
158,1386,17:0
158,1387,17:1
158,1396,17:10
158,1397,17:11
158,1398,17:12
158,1399,17:13
158,1400,17:14
158,1401,17:15
158,1402,17:16
158,1403,17:17
158,1404,17:18
158,1405,17:19
158,1388,17:2
158,1389,17:3
158,1390,17:4
158,1391,17:5
158,1392,17:6
158,1393,17:7
158,1394,17:8
158,1395,17:9
158,1406,18:0
158,1407,18:1
158,1416,18:10
158,1417,18:11
158,1418,18:12
158,1419,18:13
158,1420,18:14
158,1421,18:15
158,1422,18:16
158,1423,18:17
158,1424,18:18
158,1425,18:19
158,1408,18:2
158,1409,18:3
158,1410,18:4
158,1411,18:5
158,1412,18:6
158,1413,18:7
158,1414,18:8
158,1415,18:9
158,1426,19:0
158,1427,19:1
158,1436,19:10
158,1437,19:11
158,1438,19:12
158,1439,19:13
158,1440,19:14
158,1441,19:15
158,1442,19:16
158,1443,19:17
158,1444,19:18
158,1445,19:19
158,1428,19:2
158,1429,19:3
158,1430,19:4
158,1431,19:5
158,1432,19:6
158,1433,19:7
158,1434,19:8
158,1435,19:9
158,1086,2:0
158,1087,2:1
158,1096,2:10
158,1097,2:11
158,1098,2:12
158,1099,2:13
158,1100,2:14
158,1101,2:15
158,1102,2:16
158,1103,2:17
158,1104,2:18
158,1105,2:19
158,1088,2:2
158,1089,2:3
158,1090,2:4
158,1091,2:5
158,1092,2:6
158,1093,2:7
158,1094,2:8
158,1095,2:9
158,1106,3:0
158,1107,3:1
158,1116,3:10
158,1117,3:11
158,1118,3:12
158,1119,3:13
158,1120,3:14
158,1121,3:15
158,1122,3:16
158,1123,3:17
158,1124,3:18
158,1125,3:19
158,1108,3:2
158,1109,3:3
158,1110,3:4
158,1111,3:5
158,1112,3:6
158,1113,3:7
158,1114,3:8
158,1115,3:9
158,1126,4:0
158,1127,4:1
158,1136,4:10
158,1137,4:11
158,1138,4:12
158,1139,4:13
158,1140,4:14
158,1141,4:15
158,1142,4:16
158,1143,4:17
158,1144,4:18
158,1145,4:19
158,1128,4:2
158,1129,4:3
158,1130,4:4
158,1131,4:5
158,1132,4:6
158,1133,4:7
158,1134,4:8
158,1135,4:9
158,1146,5:0
158,1147,5:1
158,1156,5:10
158,1157,5:11
158,1158,5:12
158,1159,5:13
158,1160,5:14
158,1161,5:15
158,1162,5:16
158,1163,5:17
158,1164,5:18
158,1165,5:19
158,1148,5:2
158,1149,5:3
158,1150,5:4
158,1151,5:5
158,1152,5:6
158,1153,5:7
158,1154,5:8
158,1155,5:9
158,1166,6:0
158,1167,6:1
158,1176,6:10
158,1177,6:11
158,1178,6:12
158,1179,6:13
158,1180,6:14
158,1181,6:15
158,1182,6:16
158,1183,6:17
158,1184,6:18
158,1185,6:19
158,1168,6:2
158,1169,6:3
158,1170,6:4
158,1171,6:5
158,1172,6:6
158,1173,6:7
158,1174,6:8
158,1175,6:9
158,1186,7:0
158,1187,7:1
158,1196,7:10
158,1197,7:11
158,1198,7:12
158,1199,7:13
158,1200,7:14
158,1201,7:15
158,1202,7:16
158,1203,7:17
158,1204,7:18
158,1205,7:19
158,1188,7:2
158,1189,7:3
158,1190,7:4
158,1191,7:5
158,1192,7:6
158,1193,7:7
158,1194,7:8
158,1195,7:9
158,1206,8:0
158,1207,8:1
158,1216,8:10
158,1217,8:11
158,1218,8:12
158,1219,8:13
158,1220,8:14
158,1221,8:15
158,1222,8:16
158,1223,8:17
158,1224,8:18
158,1225,8:19
158,1208,8:2
158,1209,8:3
158,1210,8:4
158,1211,8:5
158,1212,8:6
158,1213,8:7
158,1214,8:8
158,1215,8:9
158,1226,9:0
158,1227,9:1
158,1236,9:10
158,1237,9:11
158,1238,9:12
158,1239,9:13
158,1240,9:14
158,1241,9:15
158,1242,9:16
158,1243,9:17
158,1244,9:18
158,1245,9:19
158,1228,9:2
158,1229,9:3
158,1230,9:4
158,1231,9:5
158,1232,9:6
158,1233,9:7
158,1234,9:8
158,1235,9:9
159,1446,1
159,1448,2
159,1447,x
160,1451,+1
160,1450,+2
160,1454,<=-3
160,1449,>=+3
160,1452,-1
160,1453,-2
161,1455,0
161,1456,1
161,1457,2
161,1458,3
161,1459,4
161,1460,5+
162,1461,1
162,1463,2
162,1462,x
163,1465,no
163,1464,yes
164,1467,over
164,1466,under
165,1469,over
165,1468,under
166,1471,over
166,1470,under
167,1473,over
167,1472,under
168,1475,over
168,1474,under
169,1478,away
169,1476,home
169,1477,none
170,1479,1
170,1480,2
171,1484,Away OT
171,1486,Away penalties
171,1482,Away regular time
171,1483,Home OT
171,1485,Home penalties
171,1481,Home regular time
172,1487,<-13
172,1493,>13
172,1490,0
172,1491,1 till 6
172,1488,-13 till -7
172,1489,-6 till -1
172,1492,7 till 13
173,1495,over
173,1494,under
174,1497,over
174,1496,under
175,1500,away
175,1498,home
175,1499,none
176,1502,fieldgoal
176,1504,none
176,1503,other
176,1501,touchdown
177,1507,away
177,1505,home
177,1506,none
178,1516,AA
178,1515,AD
178,1514,AH
178,1513,DA
178,1512,DD
178,1511,DH
178,1510,HA
178,1509,HD
178,1508,HH
179,1517,1st
179,1518,2nd
179,1519,3rd
179,1520,4th
179,1521,equals
180,1522,competitor_1
180,1531,competitor_10
180,1532,competitor_11
180,1533,competitor_12
180,3827,competitor_13
180,3828,competitor_14
180,1523,competitor_2
180,1524,competitor_3
180,1525,competitor_4
180,1526,competitor_5
180,1527,competitor_6
180,1528,competitor_7
180,1529,competitor_8
180,1530,competitor_9
181,1534,competitor_1
181,1543,competitor_10
181,1544,competitor_11
181,1545,competitor_12
181,1535,competitor_2
181,1536,competitor_3
181,1537,competitor_4
181,1538,competitor_5
181,1539,competitor_6
181,1540,competitor_7
181,1541,competitor_8
181,1542,competitor_9
182,1546,competitor_1
182,1555,competitor_10
182,1556,competitor_11
182,1557,competitor_12
182,3829,competitor_13
182,3830,competitor_14
182,1547,competitor_2
182,1548,competitor_3
182,1549,competitor_4
182,1550,competitor_5
182,1551,competitor_6
182,1552,competitor_7
182,1553,competitor_8
182,1554,competitor_9
183,1558,competitor_1
183,1567,competitor_10
183,1568,competitor_11
183,1569,competitor_12
183,1559,competitor_2
183,1560,competitor_3
183,1561,competitor_4
183,1562,competitor_5
183,1563,competitor_6
183,1564,competitor_7
183,1565,competitor_8
183,1566,competitor_9
184,1570,combination_1
184,1579,combination_10
184,3597,combination_100
184,3598,combination_101
184,3599,combination_102
184,3600,combination_103
184,3601,combination_104
184,3602,combination_105
184,3603,combination_106
184,3604,combination_107
184,3605,combination_108
184,3606,combination_109
184,1580,combination_11
184,3607,combination_110
184,3608,combination_111
184,3609,combination_112
184,3610,combination_113
184,3611,combination_114
184,3612,combination_115
184,3613,combination_116
184,3614,combination_117
184,3615,combination_118
184,3616,combination_119
184,1581,combination_12
184,3617,combination_120
184,3831,combination_121
184,3832,combination_122
184,3833,combination_123
184,3834,combination_124
184,3835,combination_125
184,3836,combination_126
184,3837,combination_127
184,3838,combination_128
184,3839,combination_129
184,1582,combination_13
184,3840,combination_130
184,3841,combination_131
184,3842,combination_132
184,3843,combination_133
184,3844,combination_134
184,3845,combination_135
184,3846,combination_136
184,3847,combination_137
184,3848,combination_138
184,3849,combination_139
184,1583,combination_14
184,3850,combination_140
184,3851,combination_141
184,3852,combination_142
184,3853,combination_143
184,3854,combination_144
184,3855,combination_145
184,3856,combination_146
184,3857,combination_147
184,3858,combination_148
184,3859,combination_149
184,1584,combination_15
184,3860,combination_150
184,3861,combination_151
184,3862,combination_152
184,3863,combination_153
184,3864,combination_154
184,3865,combination_155
184,3866,combination_156
184,3867,combination_157
184,3868,combination_158
184,3869,combination_159
184,1585,combination_16
184,3870,combination_160
184,3871,combination_161
184,3872,combination_162
184,3873,combination_163
184,3874,combination_164
184,3875,combination_165
184,3876,combination_166
184,3877,combination_167
184,3878,combination_168
184,3879,combination_169
184,1586,combination_17
184,3880,combination_170
184,3881,combination_171
184,3882,combination_172
184,3883,combination_173
184,3884,combination_174
184,3885,combination_175
184,3886,combination_176
184,3887,combination_177
184,3888,combination_178
184,3889,combination_179
184,1587,combination_18
184,3890,combination_180
184,3891,combination_181
184,3892,combination_182
184,1588,combination_19
184,1571,combination_2
184,1589,combination_20
184,1591,combination_21
184,1592,combination_22
184,1593,combination_23
184,1594,combination_24
184,1595,combination_25
184,1596,combination_26
184,1597,combination_27
184,1598,combination_28
184,1599,combination_29
184,1572,combination_3
184,1600,combination_30
184,3528,combination_31
184,3529,combination_32
184,3530,combination_33
184,3531,combination_34
184,3532,combination_35
184,3533,combination_36
184,3534,combination_37
184,3535,combination_38
184,3536,combination_39
184,1573,combination_4
184,3537,combination_40
184,3538,combination_41
184,3539,combination_42
184,3540,combination_43
184,3541,combination_44
184,3542,combination_45
184,3543,combination_46
184,3544,combination_47
184,3545,combination_48
184,3546,combination_49
184,1574,combination_5
184,3547,combination_50
184,3548,combination_51
184,3549,combination_52
184,3550,combination_53
184,3551,combination_54
184,3552,combination_55
184,3553,combination_56
184,3554,combination_57
184,3555,combination_58
184,3556,combination_59
184,1575,combination_6
184,3557,combination_60
184,3558,combination_61
184,3559,combination_62
184,3560,combination_63
184,3561,combination_64
184,3562,combination_65
184,3563,combination_66
184,3564,combination_67
184,3565,combination_68
184,3566,combination_69
184,1576,combination_7
184,3567,combination_70
184,3568,combination_71
184,3569,combination_72
184,3570,combination_73
184,3571,combination_74
184,3572,combination_75
184,3573,combination_76
184,3574,combination_77
184,3575,combination_78
184,3576,combination_79
184,1577,combination_8
184,3577,combination_80
184,3578,combination_81
184,3579,combination_82
184,3580,combination_83
184,3581,combination_84
184,3582,combination_85
184,3583,combination_86
184,3584,combination_87
184,3585,combination_88
184,3586,combination_89
184,1578,combination_9
184,3587,combination_90
184,3588,combination_91
184,3589,combination_92
184,3590,combination_93
184,3591,combination_94
184,3592,combination_95
184,3593,combination_96
184,3594,combination_97
184,3595,combination_98
184,3596,combination_99
184,1590,others
185,1601,combination_1
185,1610,combination_10
185,3697,combination_100
185,3698,combination_101
185,3699,combination_102
185,3700,combination_103
185,3701,combination_104
185,3702,combination_105
185,3703,combination_106
185,3704,combination_107
185,3705,combination_108
185,3706,combination_109
185,1611,combination_11
185,3707,combination_110
185,3708,combination_111
185,3709,combination_112
185,3710,combination_113
185,3711,combination_114
185,3712,combination_115
185,3713,combination_116
185,3714,combination_117
185,3715,combination_118
185,3716,combination_119
185,1612,combination_12
185,3717,combination_120
185,1613,combination_13
185,1614,combination_14
185,1615,combination_15
185,1616,combination_16
185,1617,combination_17
185,1618,combination_18
185,1619,combination_19
185,1602,combination_2
185,1620,combination_20
185,3618,combination_21
185,3619,combination_22
185,3620,combination_23
185,3621,combination_24
185,3622,combination_25
185,3623,combination_26
185,3624,combination_27
185,3625,combination_28
185,3626,combination_29
185,1603,combination_3
185,3627,combination_30
185,3628,combination_31
185,3629,combination_32
185,3630,combination_33
185,3631,combination_34
185,3632,combination_35
185,3633,combination_36
185,3634,combination_37
185,3635,combination_38
185,3636,combination_39
185,1604,combination_4
185,3637,combination_40
185,3638,combination_41
185,3639,combination_42
185,3640,combination_43
185,3641,combination_44
185,3642,combination_45
185,3643,combination_46
185,3644,combination_47
185,3645,combination_48
185,3646,combination_49
185,1605,combination_5
185,3647,combination_50
185,3648,combination_51
185,3649,combination_52
185,3650,combination_53
185,3651,combination_54
185,3652,combination_55
185,3653,combination_56
185,3654,combination_57
185,3655,combination_58
185,3656,combination_59
185,1606,combination_6
185,3657,combination_60
185,3658,combination_61
185,3659,combination_62
185,3660,combination_63
185,3661,combination_64
185,3662,combination_65
185,3663,combination_66
185,3664,combination_67
185,3665,combination_68
185,3666,combination_69
185,1607,combination_7
185,3667,combination_70
185,3668,combination_71
185,3669,combination_72
185,3670,combination_73
185,3671,combination_74
185,3672,combination_75
185,3673,combination_76
185,3674,combination_77
185,3675,combination_78
185,3676,combination_79
185,1608,combination_8
185,3677,combination_80
185,3678,combination_81
185,3679,combination_82
185,3680,combination_83
185,3681,combination_84
185,3682,combination_85
185,3683,combination_86
185,3684,combination_87
185,3685,combination_88
185,3686,combination_89
185,1609,combination_9
185,3687,combination_90
185,3688,combination_91
185,3689,combination_92
185,3690,combination_93
185,3691,combination_94
185,3692,combination_95
185,3693,combination_96
185,3694,combination_97
185,3695,combination_98
185,3696,combination_99
185,1621,others
186,1622,combination_1
186,1631,combination_10
186,1722,combination_100
186,4772,combination_1000
186,4773,combination_1001
186,4774,combination_1002
186,4775,combination_1003
186,4776,combination_1004
186,4777,combination_1005
186,4778,combination_1006
186,4779,combination_1007
186,4780,combination_1008
186,4781,combination_1009
186,1723,combination_101
186,4782,combination_1010
186,4783,combination_1011
186,4784,combination_1012
186,4785,combination_1013
186,4786,combination_1014
186,4787,combination_1015
186,4788,combination_1016
186,4789,combination_1017
186,4790,combination_1018
186,4791,combination_1019
186,1724,combination_102
186,4792,combination_1020
186,4793,combination_1021
186,4794,combination_1022
186,4795,combination_1023
186,4796,combination_1024
186,4797,combination_1025
186,4798,combination_1026
186,4799,combination_1027
186,4800,combination_1028
186,4801,combination_1029
186,1725,combination_103
186,4802,combination_1030
186,4803,combination_1031
186,4804,combination_1032
186,4805,combination_1033
186,4806,combination_1034
186,4807,combination_1035
186,4808,combination_1036
186,4809,combination_1037
186,4810,combination_1038
186,4811,combination_1039
186,1726,combination_104
186,4812,combination_1040
186,4813,combination_1041
186,4814,combination_1042
186,4815,combination_1043
186,4816,combination_1044
186,4817,combination_1045
186,4818,combination_1046
186,4819,combination_1047
186,4820,combination_1048
186,4821,combination_1049
186,1727,combination_105
186,4822,combination_1050
186,4823,combination_1051
186,4824,combination_1052
186,4825,combination_1053
186,4826,combination_1054
186,4827,combination_1055
186,4828,combination_1056
186,4829,combination_1057
186,4830,combination_1058
186,4831,combination_1059
186,1728,combination_106
186,4832,combination_1060
186,4833,combination_1061
186,4834,combination_1062
186,4835,combination_1063
186,4836,combination_1064
186,4837,combination_1065
186,4838,combination_1066
186,4839,combination_1067
186,4840,combination_1068
186,4841,combination_1069
186,1729,combination_107
186,4842,combination_1070
186,4843,combination_1071
186,4844,combination_1072
186,4845,combination_1073
186,4846,combination_1074
186,4847,combination_1075
186,4848,combination_1076
186,4849,combination_1077
186,4850,combination_1078
186,4851,combination_1079
186,1730,combination_108
186,4852,combination_1080
186,4853,combination_1081
186,4854,combination_1082
186,4855,combination_1083
186,4856,combination_1084
186,4857,combination_1085
186,4858,combination_1086
186,4859,combination_1087
186,4860,combination_1088
186,4861,combination_1089
186,1721,combination_109
186,4862,combination_1090
186,4863,combination_1091
186,4864,combination_1092
186,4865,combination_1093
186,4866,combination_1094
186,4867,combination_1095
186,4868,combination_1096
186,4869,combination_1097
186,4870,combination_1098
186,4871,combination_1099
186,1632,combination_11
186,1731,combination_110
186,4872,combination_1100
186,4873,combination_1101
186,4874,combination_1102
186,4875,combination_1103
186,4876,combination_1104
186,4877,combination_1105
186,4878,combination_1106
186,4879,combination_1107
186,4880,combination_1108
186,4881,combination_1109
186,1732,combination_111
186,4882,combination_1110
186,4883,combination_1111
186,4884,combination_1112
186,4885,combination_1113
186,4886,combination_1114
186,4887,combination_1115
186,4888,combination_1116
186,4889,combination_1117
186,4890,combination_1118
186,4891,combination_1119
186,1733,combination_112
186,4892,combination_1120
186,4893,combination_1121
186,4894,combination_1122
186,4895,combination_1123
186,4896,combination_1124
186,4897,combination_1125
186,4898,combination_1126
186,4899,combination_1127
186,4900,combination_1128
186,4901,combination_1129
186,1734,combination_113
186,4902,combination_1130
186,4903,combination_1131
186,4904,combination_1132
186,4905,combination_1133
186,4906,combination_1134
186,4907,combination_1135
186,4908,combination_1136
186,4909,combination_1137
186,4910,combination_1138
186,4911,combination_1139
186,1735,combination_114
186,4912,combination_1140
186,4913,combination_1141
186,4914,combination_1142
186,4915,combination_1143
186,4916,combination_1144
186,4917,combination_1145
186,4918,combination_1146
186,4919,combination_1147
186,4920,combination_1148
186,4921,combination_1149
186,1736,combination_115
186,4922,combination_1150
186,4923,combination_1151
186,4924,combination_1152
186,4925,combination_1153
186,4926,combination_1154
186,4927,combination_1155
186,4928,combination_1156
186,4929,combination_1157
186,4930,combination_1158
186,4931,combination_1159
186,1737,combination_116
186,4932,combination_1160
186,4933,combination_1161
186,4934,combination_1162
186,4935,combination_1163
186,4936,combination_1164
186,4937,combination_1165
186,4938,combination_1166
186,4939,combination_1167
186,4940,combination_1168
186,4941,combination_1169
186,1738,combination_117
186,4942,combination_1170
186,4943,combination_1171
186,4944,combination_1172
186,4945,combination_1173
186,4946,combination_1174
186,4947,combination_1175
186,4948,combination_1176
186,4949,combination_1177
186,4950,combination_1178
186,4951,combination_1179
186,1739,combination_118
186,4952,combination_1180
186,4953,combination_1181
186,4954,combination_1182
186,4955,combination_1183
186,4956,combination_1184
186,4957,combination_1185
186,4958,combination_1186
186,4959,combination_1187
186,4960,combination_1188
186,4961,combination_1189
186,1740,combination_119
186,4962,combination_1190
186,4963,combination_1191
186,4964,combination_1192
186,4965,combination_1193
186,4966,combination_1194
186,4967,combination_1195
186,4968,combination_1196
186,4969,combination_1197
186,4970,combination_1198
186,4971,combination_1199
186,1633,combination_12
186,1741,combination_120
186,4972,combination_1200
186,4973,combination_1201
186,4974,combination_1202
186,4975,combination_1203
186,4976,combination_1204
186,4977,combination_1205
186,4978,combination_1206
186,4979,combination_1207
186,4980,combination_1208
186,4981,combination_1209
186,3893,combination_121
186,4982,combination_1210
186,4983,combination_1211
186,4984,combination_1212
186,4985,combination_1213
186,4986,combination_1214
186,4987,combination_1215
186,4988,combination_1216
186,4989,combination_1217
186,4990,combination_1218
186,4991,combination_1219
186,3894,combination_122
186,4992,combination_1220
186,4993,combination_1221
186,4994,combination_1222
186,4995,combination_1223
186,4996,combination_1224
186,4997,combination_1225
186,4998,combination_1226
186,4999,combination_1227
186,5000,combination_1228
186,5001,combination_1229
186,3895,combination_123
186,5002,combination_1230
186,5003,combination_1231
186,5004,combination_1232
186,5005,combination_1233
186,5006,combination_1234
186,5007,combination_1235
186,5008,combination_1236
186,5009,combination_1237
186,5010,combination_1238
186,5011,combination_1239
186,3896,combination_124
186,5012,combination_1240
186,5013,combination_1241
186,5014,combination_1242
186,5015,combination_1243
186,5016,combination_1244
186,5017,combination_1245
186,5018,combination_1246
186,5019,combination_1247
186,5020,combination_1248
186,5021,combination_1249
186,3897,combination_125
186,5022,combination_1250
186,5023,combination_1251
186,5024,combination_1252
186,5025,combination_1253
186,5026,combination_1254
186,5027,combination_1255
186,5028,combination_1256
186,5029,combination_1257
186,5030,combination_1258
186,5031,combination_1259
186,3898,combination_126
186,5032,combination_1260
186,5033,combination_1261
186,5034,combination_1262
186,5035,combination_1263
186,5036,combination_1264
186,5037,combination_1265
186,5038,combination_1266
186,5039,combination_1267
186,5040,combination_1268
186,5041,combination_1269
186,3899,combination_127
186,5042,combination_1270
186,5043,combination_1271
186,5044,combination_1272
186,5045,combination_1273
186,5046,combination_1274
186,5047,combination_1275
186,5048,combination_1276
186,5049,combination_1277
186,5050,combination_1278
186,5051,combination_1279
186,3900,combination_128
186,5052,combination_1280
186,5053,combination_1281
186,5054,combination_1282
186,5055,combination_1283
186,5056,combination_1284
186,5057,combination_1285
186,5058,combination_1286
186,5059,combination_1287
186,5060,combination_1288
186,5061,combination_1289
186,3901,combination_129
186,5062,combination_1290
186,5063,combination_1291
186,5064,combination_1292
186,5065,combination_1293
186,5066,combination_1294
186,5067,combination_1295
186,5068,combination_1296
186,5069,combination_1297
186,5070,combination_1298
186,5071,combination_1299
186,1634,combination_13
186,3902,combination_130
186,5072,combination_1300
186,5073,combination_1301
186,5074,combination_1302
186,5075,combination_1303
186,5076,combination_1304
186,5077,combination_1305
186,5078,combination_1306
186,5079,combination_1307
186,5080,combination_1308
186,5081,combination_1309
186,3903,combination_131
186,5082,combination_1310
186,5083,combination_1311
186,5084,combination_1312
186,5085,combination_1313
186,5086,combination_1314
186,5087,combination_1315
186,5088,combination_1316
186,5089,combination_1317
186,5090,combination_1318
186,5091,combination_1319
186,3904,combination_132
186,5092,combination_1320
186,5093,combination_1321
186,5094,combination_1322
186,5095,combination_1323
186,5096,combination_1324
186,5097,combination_1325
186,5098,combination_1326
186,5099,combination_1327
186,5100,combination_1328
186,5101,combination_1329
186,3905,combination_133
186,5102,combination_1330
186,5103,combination_1331
186,5104,combination_1332
186,5105,combination_1333
186,5106,combination_1334
186,5107,combination_1335
186,5108,combination_1336
186,5109,combination_1337
186,5110,combination_1338
186,5111,combination_1339
186,3906,combination_134
186,5112,combination_1340
186,5113,combination_1341
186,5114,combination_1342
186,5115,combination_1343
186,5116,combination_1344
186,5117,combination_1345
186,5118,combination_1346
186,5119,combination_1347
186,5120,combination_1348
186,5121,combination_1349
186,3907,combination_135
186,5122,combination_1350
186,5123,combination_1351
186,5124,combination_1352
186,5125,combination_1353
186,5126,combination_1354
186,5127,combination_1355
186,5128,combination_1356
186,5129,combination_1357
186,5130,combination_1358
186,5131,combination_1359
186,3908,combination_136
186,5132,combination_1360
186,5133,combination_1361
186,5134,combination_1362
186,5135,combination_1363
186,5136,combination_1364
186,5137,combination_1365
186,5138,combination_1366
186,5139,combination_1367
186,5140,combination_1368
186,5141,combination_1369
186,3909,combination_137
186,5142,combination_1370
186,5143,combination_1371
186,5144,combination_1372
186,5145,combination_1373
186,5146,combination_1374
186,5147,combination_1375
186,5148,combination_1376
186,5149,combination_1377
186,5150,combination_1378
186,5151,combination_1379
186,3910,combination_138
186,5152,combination_1380
186,5153,combination_1381
186,5154,combination_1382
186,5155,combination_1383
186,5156,combination_1384
186,5157,combination_1385
186,5158,combination_1386
186,5159,combination_1387
186,5160,combination_1388
186,5161,combination_1389
186,3911,combination_139
186,5162,combination_1390
186,5163,combination_1391
186,5164,combination_1392
186,5165,combination_1393
186,5166,combination_1394
186,5167,combination_1395
186,5168,combination_1396
186,5169,combination_1397
186,5170,combination_1398
186,5171,combination_1399
186,1635,combination_14
186,3912,combination_140
186,5172,combination_1400
186,5173,combination_1401
186,5174,combination_1402
186,5175,combination_1403
186,5176,combination_1404
186,5177,combination_1405
186,5178,combination_1406
186,5179,combination_1407
186,5180,combination_1408
186,5181,combination_1409
186,3913,combination_141
186,5182,combination_1410
186,5183,combination_1411
186,5184,combination_1412
186,5185,combination_1413
186,5186,combination_1414
186,5187,combination_1415
186,5188,combination_1416
186,5189,combination_1417
186,5190,combination_1418
186,5191,combination_1419
186,3914,combination_142
186,5192,combination_1420
186,5193,combination_1421
186,5194,combination_1422
186,5195,combination_1423
186,5196,combination_1424
186,5197,combination_1425
186,5198,combination_1426
186,5199,combination_1427
186,5200,combination_1428
186,5201,combination_1429
186,3915,combination_143
186,5202,combination_1430
186,5203,combination_1431
186,5204,combination_1432
186,5205,combination_1433
186,5206,combination_1434
186,5207,combination_1435
186,5208,combination_1436
186,5209,combination_1437
186,5210,combination_1438
186,5211,combination_1439
186,3916,combination_144
186,5212,combination_1440
186,5213,combination_1441
186,5214,combination_1442
186,5215,combination_1443
186,5216,combination_1444
186,5217,combination_1445
186,5218,combination_1446
186,5219,combination_1447
186,5220,combination_1448
186,5221,combination_1449
186,3917,combination_145
186,5222,combination_1450
186,5223,combination_1451
186,5224,combination_1452
186,5225,combination_1453
186,5226,combination_1454
186,5227,combination_1455
186,5228,combination_1456
186,5229,combination_1457
186,5230,combination_1458
186,5231,combination_1459
186,3918,combination_146
186,5232,combination_1460
186,5233,combination_1461
186,5234,combination_1462
186,5235,combination_1463
186,5236,combination_1464
186,5237,combination_1465
186,5238,combination_1466
186,5239,combination_1467
186,5240,combination_1468
186,5241,combination_1469
186,3919,combination_147
186,5242,combination_1470
186,5243,combination_1471
186,5244,combination_1472
186,5245,combination_1473
186,5246,combination_1474
186,5247,combination_1475
186,5248,combination_1476
186,5249,combination_1477
186,5250,combination_1478
186,5251,combination_1479
186,3920,combination_148
186,5252,combination_1480
186,5253,combination_1481
186,5254,combination_1482
186,5255,combination_1483
186,5256,combination_1484
186,5257,combination_1485
186,5258,combination_1486
186,5259,combination_1487
186,5260,combination_1488
186,5261,combination_1489
186,3921,combination_149
186,5262,combination_1490
186,5263,combination_1491
186,5264,combination_1492
186,5265,combination_1493
186,5266,combination_1494
186,5267,combination_1495
186,5268,combination_1496
186,5269,combination_1497
186,5270,combination_1498
186,5271,combination_1499
186,1636,combination_15
186,3922,combination_150
186,5272,combination_1500
186,5273,combination_1501
186,5274,combination_1502
186,5275,combination_1503
186,5276,combination_1504
186,5277,combination_1505
186,5278,combination_1506
186,5279,combination_1507
186,5280,combination_1508
186,5281,combination_1509
186,3923,combination_151
186,5282,combination_1510
186,5283,combination_1511
186,5284,combination_1512
186,5285,combination_1513
186,5286,combination_1514
186,5287,combination_1515
186,5288,combination_1516
186,5289,combination_1517
186,5290,combination_1518
186,5291,combination_1519
186,3924,combination_152
186,5292,combination_1520
186,5293,combination_1521
186,5294,combination_1522
186,5295,combination_1523
186,5296,combination_1524
186,5297,combination_1525
186,5298,combination_1526
186,5299,combination_1527
186,5300,combination_1528
186,5301,combination_1529
186,3925,combination_153
186,5302,combination_1530
186,5303,combination_1531
186,5304,combination_1532
186,5305,combination_1533
186,5306,combination_1534
186,5307,combination_1535
186,5308,combination_1536
186,5309,combination_1537
186,5310,combination_1538
186,5311,combination_1539
186,3926,combination_154
186,5312,combination_1540
186,5313,combination_1541
186,5314,combination_1542
186,5315,combination_1543
186,5316,combination_1544
186,5317,combination_1545
186,5318,combination_1546
186,5319,combination_1547
186,5320,combination_1548
186,5321,combination_1549
186,3927,combination_155
186,5322,combination_1550
186,5323,combination_1551
186,5324,combination_1552
186,5325,combination_1553
186,5326,combination_1554
186,5327,combination_1555
186,5328,combination_1556
186,5329,combination_1557
186,5330,combination_1558
186,5331,combination_1559
186,3928,combination_156
186,5332,combination_1560
186,5333,combination_1561
186,5334,combination_1562
186,5335,combination_1563
186,5336,combination_1564
186,5337,combination_1565
186,5338,combination_1566
186,5339,combination_1567
186,5340,combination_1568
186,5341,combination_1569
186,3929,combination_157
186,5342,combination_1570
186,5343,combination_1571
186,5344,combination_1572
186,5345,combination_1573
186,5346,combination_1574
186,5347,combination_1575
186,5348,combination_1576
186,5349,combination_1577
186,5350,combination_1578
186,5351,combination_1579
186,3930,combination_158
186,5352,combination_1580
186,5353,combination_1581
186,5354,combination_1582
186,5355,combination_1583
186,5356,combination_1584
186,5357,combination_1585
186,5358,combination_1586
186,5359,combination_1587
186,5360,combination_1588
186,5361,combination_1589
186,3931,combination_159
186,5362,combination_1590
186,5363,combination_1591
186,5364,combination_1592
186,5365,combination_1593
186,5366,combination_1594
186,5367,combination_1595
186,5368,combination_1596
186,5369,combination_1597
186,5370,combination_1598
186,5371,combination_1599
186,1637,combination_16
186,3932,combination_160
186,5372,combination_1600
186,5373,combination_1601
186,5374,combination_1602
186,5375,combination_1603
186,5376,combination_1604
186,5377,combination_1605
186,5378,combination_1606
186,5379,combination_1607
186,5380,combination_1608
186,5381,combination_1609
186,3933,combination_161
186,5382,combination_1610
186,5383,combination_1611
186,5384,combination_1612
186,5385,combination_1613
186,5386,combination_1614
186,5387,combination_1615
186,5388,combination_1616
186,5389,combination_1617
186,5390,combination_1618
186,5391,combination_1619
186,3934,combination_162
186,5392,combination_1620
186,5393,combination_1621
186,5394,combination_1622
186,5395,combination_1623
186,5396,combination_1624
186,5397,combination_1625
186,5398,combination_1626
186,5399,combination_1627
186,5400,combination_1628
186,5401,combination_1629
186,3935,combination_163
186,5402,combination_1630
186,5403,combination_1631
186,5404,combination_1632
186,5405,combination_1633
186,5406,combination_1634
186,5407,combination_1635
186,5408,combination_1636
186,5409,combination_1637
186,5410,combination_1638
186,5411,combination_1639
186,3936,combination_164
186,5412,combination_1640
186,5413,combination_1641
186,5414,combination_1642
186,5415,combination_1643
186,5416,combination_1644
186,5417,combination_1645
186,5418,combination_1646
186,5419,combination_1647
186,5420,combination_1648
186,5421,combination_1649
186,3937,combination_165
186,5422,combination_1650
186,5423,combination_1651
186,5424,combination_1652
186,5425,combination_1653
186,5426,combination_1654
186,5427,combination_1655
186,5428,combination_1656
186,5429,combination_1657
186,5430,combination_1658
186,5431,combination_1659
186,3938,combination_166
186,5432,combination_1660
186,5433,combination_1661
186,5434,combination_1662
186,5435,combination_1663
186,5436,combination_1664
186,5437,combination_1665
186,5438,combination_1666
186,5439,combination_1667
186,5440,combination_1668
186,5441,combination_1669
186,3939,combination_167
186,5442,combination_1670
186,5443,combination_1671
186,5444,combination_1672
186,5445,combination_1673
186,5446,combination_1674
186,5447,combination_1675
186,5448,combination_1676
186,5449,combination_1677
186,5450,combination_1678
186,5451,combination_1679
186,3940,combination_168
186,5452,combination_1680
186,5453,combination_1681
186,5454,combination_1682
186,5455,combination_1683
186,5456,combination_1684
186,5457,combination_1685
186,5458,combination_1686
186,5459,combination_1687
186,5460,combination_1688
186,5461,combination_1689
186,3941,combination_169
186,5462,combination_1690
186,5463,combination_1691
186,5464,combination_1692
186,5465,combination_1693
186,5466,combination_1694
186,5467,combination_1695
186,5468,combination_1696
186,5469,combination_1697
186,5470,combination_1698
186,5471,combination_1699
186,1638,combination_17
186,3942,combination_170
186,5472,combination_1700
186,5473,combination_1701
186,5474,combination_1702
186,5475,combination_1703
186,5476,combination_1704
186,5477,combination_1705
186,5478,combination_1706
186,5479,combination_1707
186,5480,combination_1708
186,5481,combination_1709
186,3943,combination_171
186,5482,combination_1710
186,5483,combination_1711
186,5484,combination_1712
186,5485,combination_1713
186,5486,combination_1714
186,5487,combination_1715
186,5488,combination_1716
186,5489,combination_1717
186,5490,combination_1718
186,5491,combination_1719
186,3944,combination_172
186,5492,combination_1720
186,5493,combination_1721
186,5494,combination_1722
186,5495,combination_1723
186,5496,combination_1724
186,5497,combination_1725
186,5498,combination_1726
186,5499,combination_1727
186,5500,combination_1728
186,5501,combination_1729
186,3945,combination_173
186,5502,combination_1730
186,5503,combination_1731
186,5504,combination_1732
186,5505,combination_1733
186,5506,combination_1734
186,5507,combination_1735
186,5508,combination_1736
186,5509,combination_1737
186,5510,combination_1738
186,5511,combination_1739
186,3946,combination_174
186,5512,combination_1740
186,5513,combination_1741
186,5514,combination_1742
186,5515,combination_1743
186,5516,combination_1744
186,5517,combination_1745
186,5518,combination_1746
186,5519,combination_1747
186,5520,combination_1748
186,5521,combination_1749
186,3947,combination_175
186,5522,combination_1750
186,5523,combination_1751
186,5524,combination_1752
186,5525,combination_1753
186,5526,combination_1754
186,5527,combination_1755
186,5528,combination_1756
186,5529,combination_1757
186,5530,combination_1758
186,5531,combination_1759
186,3948,combination_176
186,5532,combination_1760
186,5533,combination_1761
186,5534,combination_1762
186,5535,combination_1763
186,5536,combination_1764
186,5537,combination_1765
186,5538,combination_1766
186,5539,combination_1767
186,5540,combination_1768
186,5541,combination_1769
186,3949,combination_177
186,5542,combination_1770
186,5543,combination_1771
186,5544,combination_1772
186,5545,combination_1773
186,5546,combination_1774
186,5547,combination_1775
186,5548,combination_1776
186,5549,combination_1777
186,5550,combination_1778
186,5551,combination_1779
186,3950,combination_178
186,5552,combination_1780
186,5553,combination_1781
186,5554,combination_1782
186,5555,combination_1783
186,5556,combination_1784
186,5557,combination_1785
186,5558,combination_1786
186,5559,combination_1787
186,5560,combination_1788
186,5561,combination_1789
186,3951,combination_179
186,5562,combination_1790
186,5563,combination_1791
186,5564,combination_1792
186,5565,combination_1793
186,5566,combination_1794
186,5567,combination_1795
186,5568,combination_1796
186,5569,combination_1797
186,5570,combination_1798
186,5571,combination_1799
186,1639,combination_18
186,3952,combination_180
186,5572,combination_1800
186,5573,combination_1801
186,5574,combination_1802
186,5575,combination_1803
186,5576,combination_1804
186,5577,combination_1805
186,5578,combination_1806
186,5579,combination_1807
186,5580,combination_1808
186,5581,combination_1809
186,3953,combination_181
186,5582,combination_1810
186,5583,combination_1811
186,5584,combination_1812
186,5585,combination_1813
186,5586,combination_1814
186,5587,combination_1815
186,5588,combination_1816
186,5589,combination_1817
186,5590,combination_1818
186,5591,combination_1819
186,3954,combination_182
186,5592,combination_1820
186,5593,combination_1821
186,5594,combination_1822
186,5595,combination_1823
186,5596,combination_1824
186,5597,combination_1825
186,5598,combination_1826
186,5599,combination_1827
186,5600,combination_1828
186,5601,combination_1829
186,3955,combination_183
186,5602,combination_1830
186,5603,combination_1831
186,5604,combination_1832
186,5605,combination_1833
186,5606,combination_1834
186,5607,combination_1835
186,5608,combination_1836
186,5609,combination_1837
186,5610,combination_1838
186,5611,combination_1839
186,3956,combination_184
186,5612,combination_1840
186,5613,combination_1841
186,5614,combination_1842
186,5615,combination_1843
186,5616,combination_1844
186,5617,combination_1845
186,5618,combination_1846
186,5619,combination_1847
186,5620,combination_1848
186,5621,combination_1849
186,3957,combination_185
186,5622,combination_1850
186,5623,combination_1851
186,5624,combination_1852
186,5625,combination_1853
186,5626,combination_1854
186,5627,combination_1855
186,5628,combination_1856
186,5629,combination_1857
186,5630,combination_1858
186,5631,combination_1859
186,3958,combination_186
186,5632,combination_1860
186,5633,combination_1861
186,5634,combination_1862
186,5635,combination_1863
186,5636,combination_1864
186,5637,combination_1865
186,5638,combination_1866
186,5639,combination_1867
186,5640,combination_1868
186,5641,combination_1869
186,3959,combination_187
186,5642,combination_1870
186,5643,combination_1871
186,5644,combination_1872
186,5645,combination_1873
186,5646,combination_1874
186,5647,combination_1875
186,5648,combination_1876
186,5649,combination_1877
186,5650,combination_1878
186,5651,combination_1879
186,3960,combination_188
186,5652,combination_1880
186,5653,combination_1881
186,5654,combination_1882
186,5655,combination_1883
186,5656,combination_1884
186,5657,combination_1885
186,5658,combination_1886
186,5659,combination_1887
186,5660,combination_1888
186,5661,combination_1889
186,3961,combination_189
186,5662,combination_1890
186,5663,combination_1891
186,5664,combination_1892
186,5665,combination_1893
186,5666,combination_1894
186,5667,combination_1895
186,5668,combination_1896
186,5669,combination_1897
186,5670,combination_1898
186,5671,combination_1899
186,1640,combination_19
186,3962,combination_190
186,5672,combination_1900
186,5673,combination_1901
186,5674,combination_1902
186,5675,combination_1903
186,5676,combination_1904
186,5677,combination_1905
186,5678,combination_1906
186,5679,combination_1907
186,5680,combination_1908
186,5681,combination_1909
186,3963,combination_191
186,5682,combination_1910
186,5683,combination_1911
186,5684,combination_1912
186,5685,combination_1913
186,5686,combination_1914
186,5687,combination_1915
186,5688,combination_1916
186,5689,combination_1917
186,5690,combination_1918
186,5691,combination_1919
186,3964,combination_192
186,5692,combination_1920
186,5693,combination_1921
186,5694,combination_1922
186,5695,combination_1923
186,5696,combination_1924
186,5697,combination_1925
186,5698,combination_1926
186,5699,combination_1927
186,5700,combination_1928
186,5701,combination_1929
186,3965,combination_193
186,5702,combination_1930
186,5703,combination_1931
186,5704,combination_1932
186,5705,combination_1933
186,5706,combination_1934
186,5707,combination_1935
186,5708,combination_1936
186,5709,combination_1937
186,5710,combination_1938
186,5711,combination_1939
186,3966,combination_194
186,5712,combination_1940
186,5713,combination_1941
186,5714,combination_1942
186,5715,combination_1943
186,5716,combination_1944
186,5717,combination_1945
186,5718,combination_1946
186,5719,combination_1947
186,5720,combination_1948
186,5721,combination_1949
186,3967,combination_195
186,5722,combination_1950
186,5723,combination_1951
186,5724,combination_1952
186,5725,combination_1953
186,5726,combination_1954
186,5727,combination_1955
186,5728,combination_1956
186,5729,combination_1957
186,5730,combination_1958
186,5731,combination_1959
186,3968,combination_196
186,5732,combination_1960
186,5733,combination_1961
186,5734,combination_1962
186,5735,combination_1963
186,5736,combination_1964
186,5737,combination_1965
186,5738,combination_1966
186,5739,combination_1967
186,5740,combination_1968
186,5741,combination_1969
186,3969,combination_197
186,5742,combination_1970
186,5743,combination_1971
186,5744,combination_1972
186,5745,combination_1973
186,5746,combination_1974
186,5747,combination_1975
186,5748,combination_1976
186,5749,combination_1977
186,5750,combination_1978
186,5751,combination_1979
186,3970,combination_198
186,5752,combination_1980
186,5753,combination_1981
186,5754,combination_1982
186,5755,combination_1983
186,5756,combination_1984
186,5757,combination_1985
186,5758,combination_1986
186,5759,combination_1987
186,5760,combination_1988
186,5761,combination_1989
186,3971,combination_199
186,5762,combination_1990
186,5763,combination_1991
186,5764,combination_1992
186,5765,combination_1993
186,5766,combination_1994
186,5767,combination_1995
186,5768,combination_1996
186,5769,combination_1997
186,5770,combination_1998
186,5771,combination_1999
186,1623,combination_2
186,1641,combination_20
186,3972,combination_200
186,5772,combination_2000
186,5773,combination_2001
186,5774,combination_2002
186,5775,combination_2003
186,5776,combination_2004
186,5777,combination_2005
186,5778,combination_2006
186,5779,combination_2007
186,5780,combination_2008
186,5781,combination_2009
186,3973,combination_201
186,5782,combination_2010
186,5783,combination_2011
186,5784,combination_2012
186,5785,combination_2013
186,5786,combination_2014
186,5787,combination_2015
186,5788,combination_2016
186,5789,combination_2017
186,5790,combination_2018
186,5791,combination_2019
186,3974,combination_202
186,5792,combination_2020
186,5793,combination_2021
186,5794,combination_2022
186,5795,combination_2023
186,5796,combination_2024
186,5797,combination_2025
186,5798,combination_2026
186,5799,combination_2027
186,5800,combination_2028
186,5801,combination_2029
186,3975,combination_203
186,5802,combination_2030
186,5803,combination_2031
186,5804,combination_2032
186,5805,combination_2033
186,5806,combination_2034
186,5807,combination_2035
186,5808,combination_2036
186,5809,combination_2037
186,5810,combination_2038
186,5811,combination_2039
186,3976,combination_204
186,5812,combination_2040
186,5813,combination_2041
186,5814,combination_2042
186,5815,combination_2043
186,5816,combination_2044
186,5817,combination_2045
186,5818,combination_2046
186,5819,combination_2047
186,5820,combination_2048
186,5821,combination_2049
186,3977,combination_205
186,5822,combination_2050
186,5823,combination_2051
186,5824,combination_2052
186,5825,combination_2053
186,5826,combination_2054
186,5827,combination_2055
186,5828,combination_2056
186,5829,combination_2057
186,5830,combination_2058
186,5831,combination_2059
186,3978,combination_206
186,5832,combination_2060
186,5833,combination_2061
186,5834,combination_2062
186,5835,combination_2063
186,5836,combination_2064
186,5837,combination_2065
186,5838,combination_2066
186,5839,combination_2067
186,5840,combination_2068
186,5841,combination_2069
186,3979,combination_207
186,5842,combination_2070
186,5843,combination_2071
186,5844,combination_2072
186,5845,combination_2073
186,5846,combination_2074
186,5847,combination_2075
186,5848,combination_2076
186,5849,combination_2077
186,5850,combination_2078
186,5851,combination_2079
186,3980,combination_208
186,5852,combination_2080
186,5853,combination_2081
186,5854,combination_2082
186,5855,combination_2083
186,5856,combination_2084
186,5857,combination_2085
186,5858,combination_2086
186,5859,combination_2087
186,5860,combination_2088
186,5861,combination_2089
186,3981,combination_209
186,5862,combination_2090
186,5863,combination_2091
186,5864,combination_2092
186,5865,combination_2093
186,5866,combination_2094
186,5867,combination_2095
186,5868,combination_2096
186,5869,combination_2097
186,5870,combination_2098
186,5871,combination_2099
186,1643,combination_21
186,3982,combination_210
186,5872,combination_2100
186,5873,combination_2101
186,5874,combination_2102
186,5875,combination_2103
186,5876,combination_2104
186,5877,combination_2105
186,5878,combination_2106
186,5879,combination_2107
186,5880,combination_2108
186,5881,combination_2109
186,3983,combination_211
186,5882,combination_2110
186,5883,combination_2111
186,5884,combination_2112
186,5885,combination_2113
186,5886,combination_2114
186,5887,combination_2115
186,5888,combination_2116
186,5889,combination_2117
186,5890,combination_2118
186,5891,combination_2119
186,3984,combination_212
186,5892,combination_2120
186,5893,combination_2121
186,5894,combination_2122
186,5895,combination_2123
186,5896,combination_2124
186,5897,combination_2125
186,5898,combination_2126
186,5899,combination_2127
186,5900,combination_2128
186,5901,combination_2129
186,3985,combination_213
186,5902,combination_2130
186,5903,combination_2131
186,5904,combination_2132
186,5905,combination_2133
186,5906,combination_2134
186,5907,combination_2135
186,5908,combination_2136
186,5909,combination_2137
186,5910,combination_2138
186,5911,combination_2139
186,3986,combination_214
186,5912,combination_2140
186,5913,combination_2141
186,5914,combination_2142
186,5915,combination_2143
186,5916,combination_2144
186,5917,combination_2145
186,5918,combination_2146
186,5919,combination_2147
186,5920,combination_2148
186,5921,combination_2149
186,3987,combination_215
186,5922,combination_2150
186,5923,combination_2151
186,5924,combination_2152
186,5925,combination_2153
186,5926,combination_2154
186,5927,combination_2155
186,5928,combination_2156
186,5929,combination_2157
186,5930,combination_2158
186,5931,combination_2159
186,3988,combination_216
186,5932,combination_2160
186,5933,combination_2161
186,5934,combination_2162
186,5935,combination_2163
186,5936,combination_2164
186,5937,combination_2165
186,5938,combination_2166
186,5939,combination_2167
186,5940,combination_2168
186,5941,combination_2169
186,3989,combination_217
186,5942,combination_2170
186,5943,combination_2171
186,5944,combination_2172
186,5945,combination_2173
186,5946,combination_2174
186,5947,combination_2175
186,5948,combination_2176
186,5949,combination_2177
186,5950,combination_2178
186,5951,combination_2179
186,3990,combination_218
186,5952,combination_2180
186,5953,combination_2181
186,5954,combination_2182
186,5955,combination_2183
186,5956,combination_2184
186,3991,combination_219
186,1644,combination_22
186,3992,combination_220
186,3993,combination_221
186,3994,combination_222
186,3995,combination_223
186,3996,combination_224
186,3997,combination_225
186,3998,combination_226
186,3999,combination_227
186,4000,combination_228
186,4001,combination_229
186,1645,combination_23
186,4002,combination_230
186,4003,combination_231
186,4004,combination_232
186,4005,combination_233
186,4006,combination_234
186,4007,combination_235
186,4008,combination_236
186,4009,combination_237
186,4010,combination_238
186,4011,combination_239
186,1646,combination_24
186,4012,combination_240
186,4013,combination_241
186,4014,combination_242
186,4015,combination_243
186,4016,combination_244
186,4017,combination_245
186,4018,combination_246
186,4019,combination_247
186,4020,combination_248
186,4021,combination_249
186,1647,combination_25
186,4022,combination_250
186,4023,combination_251
186,4024,combination_252
186,4025,combination_253
186,4026,combination_254
186,4027,combination_255
186,4028,combination_256
186,4029,combination_257
186,4030,combination_258
186,4031,combination_259
186,1648,combination_26
186,4032,combination_260
186,4033,combination_261
186,4034,combination_262
186,4035,combination_263
186,4036,combination_264
186,4037,combination_265
186,4038,combination_266
186,4039,combination_267
186,4040,combination_268
186,4041,combination_269
186,1649,combination_27
186,4042,combination_270
186,4043,combination_271
186,4044,combination_272
186,4045,combination_273
186,4046,combination_274
186,4047,combination_275
186,4048,combination_276
186,4049,combination_277
186,4050,combination_278
186,4051,combination_279
186,1650,combination_28
186,4052,combination_280
186,4053,combination_281
186,4054,combination_282
186,4055,combination_283
186,4056,combination_284
186,4057,combination_285
186,4058,combination_286
186,4059,combination_287
186,4060,combination_288
186,4061,combination_289
186,1651,combination_29
186,4062,combination_290
186,4063,combination_291
186,4064,combination_292
186,4065,combination_293
186,4066,combination_294
186,4067,combination_295
186,4068,combination_296
186,4069,combination_297
186,4070,combination_298
186,4071,combination_299
186,1624,combination_3
186,1652,combination_30
186,4072,combination_300
186,4073,combination_301
186,4074,combination_302
186,4075,combination_303
186,4076,combination_304
186,4077,combination_305
186,4078,combination_306
186,4079,combination_307
186,4080,combination_308
186,4081,combination_309
186,1653,combination_31
186,4082,combination_310
186,4083,combination_311
186,4084,combination_312
186,4085,combination_313
186,4086,combination_314
186,4087,combination_315
186,4088,combination_316
186,4089,combination_317
186,4090,combination_318
186,4091,combination_319
186,1654,combination_32
186,4092,combination_320
186,4093,combination_321
186,4094,combination_322
186,4095,combination_323
186,4096,combination_324
186,4097,combination_325
186,4098,combination_326
186,4099,combination_327
186,4100,combination_328
186,4101,combination_329
186,1655,combination_33
186,4102,combination_330
186,4103,combination_331
186,4104,combination_332
186,4105,combination_333
186,4106,combination_334
186,4107,combination_335
186,4108,combination_336
186,4109,combination_337
186,4110,combination_338
186,4111,combination_339
186,1656,combination_34
186,4112,combination_340
186,4113,combination_341
186,4114,combination_342
186,4115,combination_343
186,4116,combination_344
186,4117,combination_345
186,4118,combination_346
186,4119,combination_347
186,4120,combination_348
186,4121,combination_349
186,1657,combination_35
186,4122,combination_350
186,4123,combination_351
186,4124,combination_352
186,4125,combination_353
186,4126,combination_354
186,4127,combination_355
186,4128,combination_356
186,4129,combination_357
186,4130,combination_358
186,4131,combination_359
186,1658,combination_36
186,4132,combination_360
186,4133,combination_361
186,4134,combination_362
186,4135,combination_363
186,4136,combination_364
186,4137,combination_365
186,4138,combination_366
186,4139,combination_367
186,4140,combination_368
186,4141,combination_369
186,1659,combination_37
186,4142,combination_370
186,4143,combination_371
186,4144,combination_372
186,4145,combination_373
186,4146,combination_374
186,4147,combination_375
186,4148,combination_376
186,4149,combination_377
186,4150,combination_378
186,4151,combination_379
186,1660,combination_38
186,4152,combination_380
186,4153,combination_381
186,4154,combination_382
186,4155,combination_383
186,4156,combination_384
186,4157,combination_385
186,4158,combination_386
186,4159,combination_387
186,4160,combination_388
186,4161,combination_389
186,1661,combination_39
186,4162,combination_390
186,4163,combination_391
186,4164,combination_392
186,4165,combination_393
186,4166,combination_394
186,4167,combination_395
186,4168,combination_396
186,4169,combination_397
186,4170,combination_398
186,4171,combination_399
186,1625,combination_4
186,1662,combination_40
186,4172,combination_400
186,4173,combination_401
186,4174,combination_402
186,4175,combination_403
186,4176,combination_404
186,4177,combination_405
186,4178,combination_406
186,4179,combination_407
186,4180,combination_408
186,4181,combination_409
186,1663,combination_41
186,4182,combination_410
186,4183,combination_411
186,4184,combination_412
186,4185,combination_413
186,4186,combination_414
186,4187,combination_415
186,4188,combination_416
186,4189,combination_417
186,4190,combination_418
186,4191,combination_419
186,1664,combination_42
186,4192,combination_420
186,4193,combination_421
186,4194,combination_422
186,4195,combination_423
186,4196,combination_424
186,4197,combination_425
186,4198,combination_426
186,4199,combination_427
186,4200,combination_428
186,4201,combination_429
186,1665,combination_43
186,4202,combination_430
186,4203,combination_431
186,4204,combination_432
186,4205,combination_433
186,4206,combination_434
186,4207,combination_435
186,4208,combination_436
186,4209,combination_437
186,4210,combination_438
186,4211,combination_439
186,1666,combination_44
186,4212,combination_440
186,4213,combination_441
186,4214,combination_442
186,4215,combination_443
186,4216,combination_444
186,4217,combination_445
186,4218,combination_446
186,4219,combination_447
186,4220,combination_448
186,4221,combination_449
186,1667,combination_45
186,4222,combination_450
186,4223,combination_451
186,4224,combination_452
186,4225,combination_453
186,4226,combination_454
186,4227,combination_455
186,4228,combination_456
186,4229,combination_457
186,4230,combination_458
186,4231,combination_459
186,1668,combination_46
186,4232,combination_460
186,4233,combination_461
186,4234,combination_462
186,4235,combination_463
186,4236,combination_464
186,4237,combination_465
186,4238,combination_466
186,4239,combination_467
186,4240,combination_468
186,4241,combination_469
186,1669,combination_47
186,4242,combination_470
186,4243,combination_471
186,4244,combination_472
186,4245,combination_473
186,4246,combination_474
186,4247,combination_475
186,4248,combination_476
186,4249,combination_477
186,4250,combination_478
186,4251,combination_479
186,1670,combination_48
186,4252,combination_480
186,4253,combination_481
186,4254,combination_482
186,4255,combination_483
186,4256,combination_484
186,4257,combination_485
186,4258,combination_486
186,4259,combination_487
186,4260,combination_488
186,4261,combination_489
186,1671,combination_49
186,4262,combination_490
186,4263,combination_491
186,4264,combination_492
186,4265,combination_493
186,4266,combination_494
186,4267,combination_495
186,4268,combination_496
186,4269,combination_497
186,4270,combination_498
186,4271,combination_499
186,1626,combination_5
186,1672,combination_50
186,4272,combination_500
186,4273,combination_501
186,4274,combination_502
186,4275,combination_503
186,4276,combination_504
186,4277,combination_505
186,4278,combination_506
186,4279,combination_507
186,4280,combination_508
186,4281,combination_509
186,1673,combination_51
186,4282,combination_510
186,4283,combination_511
186,4284,combination_512
186,4285,combination_513
186,4286,combination_514
186,4287,combination_515
186,4288,combination_516
186,4289,combination_517
186,4290,combination_518
186,4291,combination_519
186,1674,combination_52
186,4292,combination_520
186,4293,combination_521
186,4294,combination_522
186,4295,combination_523
186,4296,combination_524
186,4297,combination_525
186,4298,combination_526
186,4299,combination_527
186,4300,combination_528
186,4301,combination_529
186,1675,combination_53
186,4302,combination_530
186,4303,combination_531
186,4304,combination_532
186,4305,combination_533
186,4306,combination_534
186,4307,combination_535
186,4308,combination_536
186,4309,combination_537
186,4310,combination_538
186,4311,combination_539
186,1676,combination_54
186,4312,combination_540
186,4313,combination_541
186,4314,combination_542
186,4315,combination_543
186,4316,combination_544
186,4317,combination_545
186,4318,combination_546
186,4319,combination_547
186,4320,combination_548
186,4321,combination_549
186,1677,combination_55
186,4322,combination_550
186,4323,combination_551
186,4324,combination_552
186,4325,combination_553
186,4326,combination_554
186,4327,combination_555
186,4328,combination_556
186,4329,combination_557
186,4330,combination_558
186,4331,combination_559
186,1678,combination_56
186,4332,combination_560
186,4333,combination_561
186,4334,combination_562
186,4335,combination_563
186,4336,combination_564
186,4337,combination_565
186,4338,combination_566
186,4339,combination_567
186,4340,combination_568
186,4341,combination_569
186,1679,combination_57
186,4342,combination_570
186,4343,combination_571
186,4344,combination_572
186,4345,combination_573
186,4346,combination_574
186,4347,combination_575
186,4348,combination_576
186,4349,combination_577
186,4350,combination_578
186,4351,combination_579
186,1680,combination_58
186,4352,combination_580
186,4353,combination_581
186,4354,combination_582
186,4355,combination_583
186,4356,combination_584
186,4357,combination_585
186,4358,combination_586
186,4359,combination_587
186,4360,combination_588
186,4361,combination_589
186,1681,combination_59
186,4362,combination_590
186,4363,combination_591
186,4364,combination_592
186,4365,combination_593
186,4366,combination_594
186,4367,combination_595
186,4368,combination_596
186,4369,combination_597
186,4370,combination_598
186,4371,combination_599
186,1627,combination_6
186,1682,combination_60
186,4372,combination_600
186,4373,combination_601
186,4374,combination_602
186,4375,combination_603
186,4376,combination_604
186,4377,combination_605
186,4378,combination_606
186,4379,combination_607
186,4380,combination_608
186,4381,combination_609
186,1683,combination_61
186,4382,combination_610
186,4383,combination_611
186,4384,combination_612
186,4385,combination_613
186,4386,combination_614
186,4387,combination_615
186,4388,combination_616
186,4389,combination_617
186,4390,combination_618
186,4391,combination_619
186,1684,combination_62
186,4392,combination_620
186,4393,combination_621
186,4394,combination_622
186,4395,combination_623
186,4396,combination_624
186,4397,combination_625
186,4398,combination_626
186,4399,combination_627
186,4400,combination_628
186,4401,combination_629
186,1685,combination_63
186,4402,combination_630
186,4403,combination_631
186,4404,combination_632
186,4405,combination_633
186,4406,combination_634
186,4407,combination_635
186,4408,combination_636
186,4409,combination_637
186,4410,combination_638
186,4411,combination_639
186,1686,combination_64
186,4412,combination_640
186,4413,combination_641
186,4414,combination_642
186,4415,combination_643
186,4416,combination_644
186,4417,combination_645
186,4418,combination_646
186,4419,combination_647
186,4420,combination_648
186,4421,combination_649
186,1687,combination_65
186,4422,combination_650
186,4423,combination_651
186,4424,combination_652
186,4425,combination_653
186,4426,combination_654
186,4427,combination_655
186,4428,combination_656
186,4429,combination_657
186,4430,combination_658
186,4431,combination_659
186,1688,combination_66
186,4432,combination_660
186,4433,combination_661
186,4434,combination_662
186,4435,combination_663
186,4436,combination_664
186,4437,combination_665
186,4438,combination_666
186,4439,combination_667
186,4440,combination_668
186,4441,combination_669
186,1689,combination_67
186,4442,combination_670
186,4443,combination_671
186,4444,combination_672
186,4445,combination_673
186,4446,combination_674
186,4447,combination_675
186,4448,combination_676
186,4449,combination_677
186,4450,combination_678
186,4451,combination_679
186,1690,combination_68
186,4452,combination_680
186,4453,combination_681
186,4454,combination_682
186,4455,combination_683
186,4456,combination_684
186,4457,combination_685
186,4458,combination_686
186,4459,combination_687
186,4460,combination_688
186,4461,combination_689
186,1691,combination_69
186,4462,combination_690
186,4463,combination_691
186,4464,combination_692
186,4465,combination_693
186,4466,combination_694
186,4467,combination_695
186,4468,combination_696
186,4469,combination_697
186,4470,combination_698
186,4471,combination_699
186,1628,combination_7
186,3718,combination_70
186,4472,combination_700
186,4473,combination_701
186,4474,combination_702
186,4475,combination_703
186,4476,combination_704
186,4477,combination_705
186,4478,combination_706
186,4479,combination_707
186,4480,combination_708
186,4481,combination_709
186,1692,combination_71
186,4482,combination_710
186,4483,combination_711
186,4484,combination_712
186,4485,combination_713
186,4486,combination_714
186,4487,combination_715
186,4488,combination_716
186,4489,combination_717
186,4490,combination_718
186,4491,combination_719
186,1693,combination_72
186,4492,combination_720
186,4493,combination_721
186,4494,combination_722
186,4495,combination_723
186,4496,combination_724
186,4497,combination_725
186,4498,combination_726
186,4499,combination_727
186,4500,combination_728
186,4501,combination_729
186,1694,combination_73
186,4502,combination_730
186,4503,combination_731
186,4504,combination_732
186,4505,combination_733
186,4506,combination_734
186,4507,combination_735
186,4508,combination_736
186,4509,combination_737
186,4510,combination_738
186,4511,combination_739
186,1695,combination_74
186,4512,combination_740
186,4513,combination_741
186,4514,combination_742
186,4515,combination_743
186,4516,combination_744
186,4517,combination_745
186,4518,combination_746
186,4519,combination_747
186,4520,combination_748
186,4521,combination_749
186,1696,combination_75
186,4522,combination_750
186,4523,combination_751
186,4524,combination_752
186,4525,combination_753
186,4526,combination_754
186,4527,combination_755
186,4528,combination_756
186,4529,combination_757
186,4530,combination_758
186,4531,combination_759
186,1697,combination_76
186,4532,combination_760
186,4533,combination_761
186,4534,combination_762
186,4535,combination_763
186,4536,combination_764
186,4537,combination_765
186,4538,combination_766
186,4539,combination_767
186,4540,combination_768
186,4541,combination_769
186,1698,combination_77
186,4542,combination_770
186,4543,combination_771
186,4544,combination_772
186,4545,combination_773
186,4546,combination_774
186,4547,combination_775
186,4548,combination_776
186,4549,combination_777
186,4550,combination_778
186,4551,combination_779
186,1699,combination_78
186,4552,combination_780
186,4553,combination_781
186,4554,combination_782
186,4555,combination_783
186,4556,combination_784
186,4557,combination_785
186,4558,combination_786
186,4559,combination_787
186,4560,combination_788
186,4561,combination_789
186,1700,combination_79
186,4562,combination_790
186,4563,combination_791
186,4564,combination_792
186,4565,combination_793
186,4566,combination_794
186,4567,combination_795
186,4568,combination_796
186,4569,combination_797
186,4570,combination_798
186,4571,combination_799
186,1629,combination_8
186,1701,combination_80
186,4572,combination_800
186,4573,combination_801
186,4574,combination_802
186,4575,combination_803
186,4576,combination_804
186,4577,combination_805
186,4578,combination_806
186,4579,combination_807
186,4580,combination_808
186,4581,combination_809
186,1702,combination_81
186,4582,combination_810
186,4583,combination_811
186,4584,combination_812
186,4585,combination_813
186,4586,combination_814
186,4587,combination_815
186,4588,combination_816
186,4589,combination_817
186,4590,combination_818
186,4591,combination_819
186,1703,combination_82
186,4592,combination_820
186,4593,combination_821
186,4594,combination_822
186,4595,combination_823
186,4596,combination_824
186,4597,combination_825
186,4598,combination_826
186,4599,combination_827
186,4600,combination_828
186,4601,combination_829
186,1704,combination_83
186,4602,combination_830
186,4603,combination_831
186,4604,combination_832
186,4605,combination_833
186,4606,combination_834
186,4607,combination_835
186,4608,combination_836
186,4609,combination_837
186,4610,combination_838
186,4611,combination_839
186,1705,combination_84
186,4612,combination_840
186,4613,combination_841
186,4614,combination_842
186,4615,combination_843
186,4616,combination_844
186,4617,combination_845
186,4618,combination_846
186,4619,combination_847
186,4620,combination_848
186,4621,combination_849
186,1706,combination_85
186,4622,combination_850
186,4623,combination_851
186,4624,combination_852
186,4625,combination_853
186,4626,combination_854
186,4627,combination_855
186,4628,combination_856
186,4629,combination_857
186,4630,combination_858
186,4631,combination_859
186,1707,combination_86
186,4632,combination_860
186,4633,combination_861
186,4634,combination_862
186,4635,combination_863
186,4636,combination_864
186,4637,combination_865
186,4638,combination_866
186,4639,combination_867
186,4640,combination_868
186,4641,combination_869
186,1708,combination_87
186,4642,combination_870
186,4643,combination_871
186,4644,combination_872
186,4645,combination_873
186,4646,combination_874
186,4647,combination_875
186,4648,combination_876
186,4649,combination_877
186,4650,combination_878
186,4651,combination_879
186,1709,combination_88
186,4652,combination_880
186,4653,combination_881
186,4654,combination_882
186,4655,combination_883
186,4656,combination_884
186,4657,combination_885
186,4658,combination_886
186,4659,combination_887
186,4660,combination_888
186,4661,combination_889
186,1710,combination_89
186,4662,combination_890
186,4663,combination_891
186,4664,combination_892
186,4665,combination_893
186,4666,combination_894
186,4667,combination_895
186,4668,combination_896
186,4669,combination_897
186,4670,combination_898
186,4671,combination_899
186,1630,combination_9
186,1711,combination_90
186,4672,combination_900
186,4673,combination_901
186,4674,combination_902
186,4675,combination_903
186,4676,combination_904
186,4677,combination_905
186,4678,combination_906
186,4679,combination_907
186,4680,combination_908
186,4681,combination_909
186,1712,combination_91
186,4682,combination_910
186,4683,combination_911
186,4684,combination_912
186,4685,combination_913
186,4686,combination_914
186,4687,combination_915
186,4688,combination_916
186,4689,combination_917
186,4690,combination_918
186,4691,combination_919
186,1713,combination_92
186,4692,combination_920
186,4693,combination_921
186,4694,combination_922
186,4695,combination_923
186,4696,combination_924
186,4697,combination_925
186,4698,combination_926
186,4699,combination_927
186,4700,combination_928
186,4701,combination_929
186,1714,combination_93
186,4702,combination_930
186,4703,combination_931
186,4704,combination_932
186,4705,combination_933
186,4706,combination_934
186,4707,combination_935
186,4708,combination_936
186,4709,combination_937
186,4710,combination_938
186,4711,combination_939
186,1715,combination_94
186,4712,combination_940
186,4713,combination_941
186,4714,combination_942
186,4715,combination_943
186,4716,combination_944
186,4717,combination_945
186,4718,combination_946
186,4719,combination_947
186,4720,combination_948
186,4721,combination_949
186,1716,combination_95
186,4722,combination_950
186,4723,combination_951
186,4724,combination_952
186,4725,combination_953
186,4726,combination_954
186,4727,combination_955
186,4728,combination_956
186,4729,combination_957
186,4730,combination_958
186,4731,combination_959
186,1717,combination_96
186,4732,combination_960
186,4733,combination_961
186,4734,combination_962
186,4735,combination_963
186,4736,combination_964
186,4737,combination_965
186,4738,combination_966
186,4739,combination_967
186,4740,combination_968
186,4741,combination_969
186,1718,combination_97
186,4742,combination_970
186,4743,combination_971
186,4744,combination_972
186,4745,combination_973
186,4746,combination_974
186,4747,combination_975
186,4748,combination_976
186,4749,combination_977
186,4750,combination_978
186,4751,combination_979
186,1719,combination_98
186,4752,combination_980
186,4753,combination_981
186,4754,combination_982
186,4755,combination_983
186,4756,combination_984
186,4757,combination_985
186,4758,combination_986
186,4759,combination_987
186,4760,combination_988
186,4761,combination_989
186,1720,combination_99
186,4762,combination_990
186,4763,combination_991
186,4764,combination_992
186,4765,combination_993
186,4766,combination_994
186,4767,combination_995
186,4768,combination_996
186,4769,combination_997
186,4770,combination_998
186,4771,combination_999
186,1642,others
187,1742,combination_1
187,1751,combination_10
187,3798,combination_100
187,3799,combination_101
187,3800,combination_102
187,3801,combination_103
187,3802,combination_104
187,3803,combination_105
187,3804,combination_106
187,3805,combination_107
187,3806,combination_108
187,3807,combination_109
187,1752,combination_11
187,3808,combination_110
187,3809,combination_111
187,3810,combination_112
187,3811,combination_113
187,3812,combination_114
187,3813,combination_115
187,3814,combination_116
187,3815,combination_117
187,3816,combination_118
187,3817,combination_119
187,1753,combination_12
187,3818,combination_120
187,5957,combination_121
187,5958,combination_122
187,5959,combination_123
187,5960,combination_124
187,5961,combination_125
187,5962,combination_126
187,5963,combination_127
187,5964,combination_128
187,5965,combination_129
187,1754,combination_13
187,5966,combination_130
187,5967,combination_131
187,5968,combination_132
187,5969,combination_133
187,5970,combination_134
187,5971,combination_135
187,5972,combination_136
187,5973,combination_137
187,5974,combination_138
187,5975,combination_139
187,1755,combination_14
187,5976,combination_140
187,5977,combination_141
187,5978,combination_142
187,5979,combination_143
187,5980,combination_144
187,5981,combination_145
187,5982,combination_146
187,5983,combination_147
187,5984,combination_148
187,5985,combination_149
187,1756,combination_15
187,5986,combination_150
187,5987,combination_151
187,5988,combination_152
187,5989,combination_153
187,5990,combination_154
187,5991,combination_155
187,5992,combination_156
187,5993,combination_157
187,5994,combination_158
187,5995,combination_159
187,1757,combination_16
187,5996,combination_160
187,5997,combination_161
187,5998,combination_162
187,5999,combination_163
187,6000,combination_164
187,6001,combination_165
187,6002,combination_166
187,6003,combination_167
187,6004,combination_168
187,6005,combination_169
187,1758,combination_17
187,6006,combination_170
187,6007,combination_171
187,6008,combination_172
187,6009,combination_173
187,6010,combination_174
187,6011,combination_175
187,6012,combination_176
187,6013,combination_177
187,6014,combination_178
187,6015,combination_179
187,1759,combination_18
187,6016,combination_180
187,6017,combination_181
187,6018,combination_182
187,6019,combination_183
187,6020,combination_184
187,6021,combination_185
187,6022,combination_186
187,6023,combination_187
187,6024,combination_188
187,6025,combination_189
187,1760,combination_19
187,6026,combination_190
187,6027,combination_191
187,6028,combination_192
187,6029,combination_193
187,6030,combination_194
187,6031,combination_195
187,6032,combination_196
187,6033,combination_197
187,6034,combination_198
187,6035,combination_199
187,1743,combination_2
187,1761,combination_20
187,6036,combination_200
187,6037,combination_201
187,6038,combination_202
187,6039,combination_203
187,6040,combination_204
187,6041,combination_205
187,6042,combination_206
187,6043,combination_207
187,6044,combination_208
187,6045,combination_209
187,3719,combination_21
187,6046,combination_210
187,6047,combination_211
187,6048,combination_212
187,6049,combination_213
187,6050,combination_214
187,6051,combination_215
187,6052,combination_216
187,6053,combination_217
187,6054,combination_218
187,6055,combination_219
187,3720,combination_22
187,6056,combination_220
187,6057,combination_221
187,6058,combination_222
187,6059,combination_223
187,6060,combination_224
187,6061,combination_225
187,6062,combination_226
187,6063,combination_227
187,6064,combination_228
187,6065,combination_229
187,3721,combination_23
187,6066,combination_230
187,6067,combination_231
187,6068,combination_232
187,6069,combination_233
187,6070,combination_234
187,6071,combination_235
187,6072,combination_236
187,6073,combination_237
187,6074,combination_238
187,6075,combination_239
187,3722,combination_24
187,6076,combination_240
187,6077,combination_241
187,6078,combination_242
187,6079,combination_243
187,6080,combination_244
187,6081,combination_245
187,6082,combination_246
187,6083,combination_247
187,6084,combination_248
187,6085,combination_249
187,3723,combination_25
187,6086,combination_250
187,6087,combination_251
187,6088,combination_252
187,6089,combination_253
187,6090,combination_254
187,6091,combination_255
187,6092,combination_256
187,6093,combination_257
187,6094,combination_258
187,6095,combination_259
187,3724,combination_26
187,6096,combination_260
187,6097,combination_261
187,6098,combination_262
187,6099,combination_263
187,6100,combination_264
187,6101,combination_265
187,6102,combination_266
187,6103,combination_267
187,6104,combination_268
187,6105,combination_269
187,3725,combination_27
187,6106,combination_270
187,6107,combination_271
187,6108,combination_272
187,6109,combination_273
187,6110,combination_274
187,6111,combination_275
187,6112,combination_276
187,6113,combination_277
187,6114,combination_278
187,6115,combination_279
187,3726,combination_28
187,6116,combination_280
187,6117,combination_281
187,6118,combination_282
187,6119,combination_283
187,6120,combination_284
187,6121,combination_285
187,6122,combination_286
187,6123,combination_287
187,6124,combination_288
187,6125,combination_289
187,3727,combination_29
187,6126,combination_290
187,6127,combination_291
187,6128,combination_292
187,6129,combination_293
187,6130,combination_294
187,6131,combination_295
187,6132,combination_296
187,6133,combination_297
187,6134,combination_298
187,6135,combination_299
187,1744,combination_3
187,3728,combination_30
187,6136,combination_300
187,6137,combination_301
187,6138,combination_302
187,6139,combination_303
187,6140,combination_304
187,6141,combination_305
187,6142,combination_306
187,6143,combination_307
187,6144,combination_308
187,6145,combination_309
187,3729,combination_31
187,6146,combination_310
187,6147,combination_311
187,6148,combination_312
187,6149,combination_313
187,6150,combination_314
187,6151,combination_315
187,6152,combination_316
187,6153,combination_317
187,6154,combination_318
187,6155,combination_319
187,3730,combination_32
187,6156,combination_320
187,6157,combination_321
187,6158,combination_322
187,6159,combination_323
187,6160,combination_324
187,6161,combination_325
187,6162,combination_326
187,6163,combination_327
187,6164,combination_328
187,6165,combination_329
187,3731,combination_33
187,6166,combination_330
187,6167,combination_331
187,6168,combination_332
187,6169,combination_333
187,6170,combination_334
187,6171,combination_335
187,6172,combination_336
187,6173,combination_337
187,6174,combination_338
187,6175,combination_339
187,3732,combination_34
187,6176,combination_340
187,6177,combination_341
187,6178,combination_342
187,6179,combination_343
187,6180,combination_344
187,6181,combination_345
187,6182,combination_346
187,6183,combination_347
187,6184,combination_348
187,6185,combination_349
187,3733,combination_35
187,6186,combination_350
187,6187,combination_351
187,6188,combination_352
187,6189,combination_353
187,6190,combination_354
187,6191,combination_355
187,6192,combination_356
187,6193,combination_357
187,6194,combination_358
187,6195,combination_359
187,3734,combination_36
187,6196,combination_360
187,6197,combination_361
187,6198,combination_362
187,6199,combination_363
187,6200,combination_364
187,3735,combination_37
187,3736,combination_38
187,3737,combination_39
187,1745,combination_4
187,3738,combination_40
187,3739,combination_41
187,3740,combination_42
187,3741,combination_43
187,3742,combination_44
187,3743,combination_45
187,3744,combination_46
187,3745,combination_47
187,3746,combination_48
187,3747,combination_49
187,1746,combination_5
187,3748,combination_50
187,3749,combination_51
187,3750,combination_52
187,3751,combination_53
187,3752,combination_54
187,3753,combination_55
187,3754,combination_56
187,3755,combination_57
187,3756,combination_58
187,3757,combination_59
187,1747,combination_6
187,3758,combination_60
187,3759,combination_61
187,3760,combination_62
187,3761,combination_63
187,3762,combination_64
187,3763,combination_65
187,3764,combination_66
187,3765,combination_67
187,3766,combination_68
187,3767,combination_69
187,1748,combination_7
187,3768,combination_70
187,3769,combination_71
187,3770,combination_72
187,3771,combination_73
187,3772,combination_74
187,3773,combination_75
187,3774,combination_76
187,3775,combination_77
187,3776,combination_78
187,3777,combination_79
187,1749,combination_8
187,3778,combination_80
187,3779,combination_81
187,3780,combination_82
187,3781,combination_83
187,3782,combination_84
187,3783,combination_85
187,3784,combination_86
187,3785,combination_87
187,3786,combination_88
187,3787,combination_89
187,1750,combination_9
187,3788,combination_90
187,3789,combination_91
187,3790,combination_92
187,3791,combination_93
187,3792,combination_94
187,3793,combination_95
187,3794,combination_96
187,3795,combination_97
187,3796,combination_98
187,3797,combination_99
187,1762,others
188,1763,both
188,1766,none
188,1765,only away
188,1764,only home
189,1767,0:0
189,1772,0:1
189,1777,0:2
189,1782,0:3
189,1787,0:4
189,1768,1:0
189,1773,1:1
189,1778,1:2
189,1783,1:3
189,1788,1:4
189,1769,2:0
189,1774,2:1
189,1779,2:2
189,1784,2:3
189,1789,2:4
189,1770,3:0
189,1775,3:1
189,1780,3:2
189,1785,3:3
189,1790,3:4
189,1771,4:0
189,1776,4:1
189,1781,4:2
189,1786,4:3
189,1791,4:4
189,1792,other
190,1793,1
190,1795,2
190,1794,x
191,1797,12
191,1796,1X
191,1798,X2
192,1799,1
192,1800,2
193,1801,1
193,1803,2
193,1802,x
194,1805,over
194,1804,under
195,1807,12
195,1806,1X
195,1808,X2
196,1815,<-14
196,1809,>14
196,1812,0
196,1813,-1 till -7
196,1810,14 till 8
196,1811,7 till 1
196,1814,-8 till -14
197,1822,<-14
197,1816,>14
197,1819,0
197,1820,-1 till -7
197,1817,14 till 8
197,1818,7 till 1
197,1821,-8 till -14
198,1823,<28
198,1829,>62
198,1824,28-34
198,1825,35-41
198,1826,42-48
198,1827,49-55
198,1828,56-62
199,1830,<7
199,1836,>41
199,1832,14-20
199,1833,21-27
199,1834,28-34
199,1835,35-41
199,1831,7-13
200,1837,1
200,1839,2
200,1838,x
201,1840,1
201,1841,2
202,1849,0:4
202,1848,1:4
202,1847,2:4
202,1846,3:4
202,1842,4:0
202,1843,4:1
202,1844,4:2
202,1845,4:3
203,1850,4
203,1851,5
203,1852,6
203,1853,7
204,1855,even
204,1854,odd
205,1857,even
205,1856,odd
206,1858,1
206,1859,2
207,1860,1
207,1861,2
208,1862,1
208,1863,2
209,1864,1
209,1865,2
210,1866,1
210,1867,2
211,1868,1
211,1869,2
212,1870,0
212,1871,1
212,1872,2
212,1873,3
212,1874,4
212,1875,5
212,1876,6
212,1877,7
213,1878,1
213,1879,2
214,1880,1
214,1881,2
215,1882,1
215,1883,2
216,1884,1
216,1885,2
217,1886,1
217,1887,2
218,1888,1
218,1889,2
219,1890,1
219,1891,2
220,1892,1
220,1893,2
221,1894,1
221,1895,2
222,1896,1
222,1897,2
223,1898,1
223,1899,2
224,1900,1
224,1901,2
225,1902,1
225,1903,2
226,1904,1
226,1905,2
227,1906,1
227,1907,2
228,1908,1
228,1909,2
229,1910,1
229,1911,2
230,1912,1
230,1913,2
231,1914,1
231,1915,2
232,1916,1
232,1917,2
233,1918,1
233,1919,2
234,1920,1
234,1921,2
235,1922,1
235,1923,2
236,1924,1
236,1925,2
237,1926,1
237,1927,2
238,1928,1
238,1929,2
239,1930,Correct Score 1
239,1939,Correct Score 10
239,1940,Correct Score 11
239,1941,Correct Score 12
239,1942,Correct Score 13
239,1943,Correct Score 14
239,1944,Correct Score 15
239,1931,Correct Score 2
239,1932,Correct Score 3
239,1933,Correct Score 4
239,1934,Correct Score 5
239,1935,Correct Score 6
239,1936,Correct Score 7
239,1937,Correct Score 8
239,1938,Correct Score 9
240,1945,1
240,1947,2
240,1946,x
241,1948,Correct Score 1
241,1957,Correct Score 10
241,1958,Correct Score 11
241,1959,Correct Score 12
241,1960,Correct Score 13
241,1961,Correct Score 14
241,1962,Correct Score 15
241,1963,Correct Score 16
241,1964,Correct Score 17
241,1965,Correct Score 18
241,1966,Correct Score 19
241,1949,Correct Score 2
241,1967,Correct Score 20
241,1968,Correct Score 21
241,1969,Correct Score 22
241,1970,Correct Score 23
241,1971,Correct Score 24
241,1972,Correct Score 25
241,1973,Correct Score 26
241,1974,Correct Score 27
241,1975,Correct Score 28
241,1976,Correct Score 29
241,1950,Correct Score 3
241,1977,Correct Score 30
241,1978,Correct Score 31
241,1979,Correct Score 32
241,1980,Correct Score 33
241,1981,Correct Score 34
241,1982,Correct Score 35
241,1983,Correct Score 36
241,1984,Correct Score 37
241,1985,Correct Score 38
241,1986,Correct Score 39
241,1951,Correct Score 4
241,1987,Correct Score 40
241,1988,Correct Score 41
241,1989,Correct Score 42
241,1990,Correct Score 43
241,1952,Correct Score 5
241,1953,Correct Score 6
241,1954,Correct Score 7
241,1955,Correct Score 8
241,1956,Correct Score 9
242,1991,1
242,1993,2
242,1992,x
243,1994,1
243,1996,2
243,1995,x
244,1997,1
244,1999,2
244,1998,x
245,2000,1
245,2002,2
245,2001,x
246,2003,1
246,2005,2
246,2004,x
247,2006,1
247,2008,2
247,2007,x
248,2009,1
248,2011,2
248,2010,x
249,2012,1
249,2014,2
249,2013,x
250,2015,1
250,2017,2
250,2016,x
251,2018,1
251,2020,2
251,2019,x
252,2021,1
252,2023,2
252,2022,x
253,2024,1
253,2026,2
253,2025,x
254,2027,1
254,2029,2
254,2028,x
255,2031,over
255,2030,under
256,2033,over
256,2032,under
257,2035,over
257,2034,under
258,2037,over
258,2036,under
259,2039,over
259,2038,under
260,2041,over
260,2040,under
261,2043,over
261,2042,under
262,2045,over
262,2044,under
263,2047,over
263,2046,under
264,2049,over
264,2048,under
265,2051,over
265,2050,under
266,2053,over
266,2052,under
267,2055,over
267,2054,under
268,2057,over
268,2056,under
269,2058,1
269,2059,2
270,2060,CS:1
270,2069,CS:10
270,2070,CS:11
270,2071,CS:12
270,2072,CS:13
270,2073,CS:14
270,2074,CS:15
270,2075,CS:16
270,2076,CS:17
270,2077,CS:18
270,2078,CS:19
270,2061,CS:2
270,2079,CS:20
270,2080,CS:21
270,2081,CS:22
270,2082,CS:23
270,2083,CS:24
270,2084,CS:25
270,2085,CS:26
270,2086,CS:27
270,2087,CS:28
270,2088,CS:29
270,2062,CS:3
270,2089,CS:30
270,2090,CS:31
270,2091,CS:32
270,2092,CS:33
270,2093,CS:34
270,2094,CS:35
270,2095,CS:36
270,2063,CS:4
270,2064,CS:5
270,2065,CS:6
270,2066,CS:7
270,2067,CS:8
270,2068,CS:9
271,2096,1
271,2097,2
272,2098,competitor_1
272,2099,competitor_2
272,2100,competitor_3
272,2101,competitor_4
272,2102,competitor_5
272,2103,competitor_6
273,2105,no
273,2104,yes
274,2107,no
274,2106,yes
275,2108,1
275,2109,2
276,2111,no
276,2110,yes
277,2119,0:6
277,2120,1:6
277,2121,2:6
277,2122,3:6
277,2123,4:6
277,2124,5:7
277,2112,6:0
277,2113,6:1
277,2114,6:2
277,2115,6:3
277,2116,6:4
277,2125,6:7
277,2117,7:5
277,2118,7:6
278,2127,over
278,2126,under
279,2128,1
279,2129,2
280,2131,even
280,2130,odd
281,2132,1
281,2134,2
281,2133,x
282,2135,1
282,2137,2
282,2136,x
283,2138,1
283,2140,2
283,2139,x
284,2141,1
284,2143,2
284,2142,x
285,2144,1
285,2146,2
285,2145,x
286,2147,1
286,2149,2
286,2148,x
287,2150,1
287,2152,2
287,2151,x
288,2153,1
288,2155,2
288,2154,x
289,2156,1
289,2158,2
289,2157,x
290,2159,1
290,2161,2
290,2160,x
291,2162,1
291,2164,2
291,2163,x
292,2165,1
292,2167,2
292,2166,x
293,2168,1
293,2170,2
293,2169,x
294,2171,< 89.5
294,2173,> 100.5
294,2172,90 - 100
295,2174,< 89.5
295,2176,> 100.5
295,2175,90 - 100
296,2177,< 89.5
296,2179,> 100.5
296,2178,90 - 100
297,2180,< 89.5
297,2182,> 100.5
297,2181,90 - 100
298,2183,< 89.5
298,2185,> 100.5
298,2184,90 - 100
299,2186,< 89.5
299,2188,> 100.5
299,2187,90 - 100
300,2189,< 89.5
300,2191,> 100.5
300,2190,90 - 100
301,2192,< 89.5
301,2194,> 100.5
301,2193,90 - 100
302,2195,< 89.5
302,2197,> 100.5
302,2196,90 - 100
303,2198,< 89.5
303,2200,> 100.5
303,2199,90 - 100
304,2201,< 89.5
304,2203,> 100.5
304,2202,90 - 100
305,2204,< 89.5
305,2206,> 100.5
305,2205,90 - 100
306,2207,< 89.5
306,2209,> 100.5
306,2208,90 - 100
307,2210,0-40
307,2211,41+
308,2212,0-40
308,2213,41+
309,2214,0-40
309,2215,41+
310,2216,0-40
310,2217,41+
311,2218,0-40
311,2219,41+
312,2220,0-40
312,2221,41+
313,2222,0-40
313,2223,41+
314,2224,0-40
314,2225,41+
315,2226,0-40
315,2227,41+
316,2228,0-40
316,2229,41+
317,2230,0-40
317,2231,41+
318,2232,0-40
318,2233,41+
319,2234,0-40
319,2235,41+
320,2237,even
320,2236,odd
321,2239,over 30.5
321,2238,under 30.5
322,2241,over 30.5
322,2240,under 30.5
323,2243,over 30.5
323,2242,under 30.5
324,2245,over 30.5
324,2244,under 30.5
325,2247,over 30.5
325,2246,under 30.5
326,2249,over 30.5
326,2248,under 30.5
327,2251,over 30.5
327,2250,under 30.5
328,2253,over 30.5
328,2252,under 30.5
329,2255,over 30.5
329,2254,under 30.5
330,2257,over 30.5
330,2256,under 30.5
331,2259,over 30.5
331,2258,under 30.5
332,2261,over 30.5
332,2260,under 30.5
333,2263,over 30.5
333,2262,under 30.5
334,2265,green
334,2264,red
335,2267,green
335,2266,red
336,2269,green
336,2268,red
337,2271,green
337,2270,red
338,2273,green
338,2272,red
339,2275,green
339,2274,red
340,2277,green
340,2276,red
341,2279,green
341,2278,red
342,2281,green
342,2280,red
343,2283,green
343,2282,red
344,2285,green
344,2284,red
345,2287,green
345,2286,red
346,2289,green
346,2288,red
347,2291,no
347,2290,yes
348,2293,no
348,2292,yes
349,2295,no
349,2294,yes
350,2297,no
350,2296,yes
351,2299,no
351,2298,yes
352,2301,no
352,2300,yes
353,2303,no
353,2302,yes
354,2305,no
354,2304,yes
355,2307,no
355,2306,yes
356,2309,no
356,2308,yes
357,2311,no
357,2310,yes
358,2313,no
358,2312,yes
359,2315,no
359,2314,yes
360,2317,no
360,2316,yes
361,2319,no
361,2318,yes
362,2321,no
362,2320,yes
363,2323,no
363,2322,yes
364,2325,no
364,2324,yes
365,2327,no
365,2326,yes
366,2329,no
366,2328,yes
367,2331,no
367,2330,yes
368,2333,no
368,2332,yes
369,2335,no
369,2334,yes
370,2337,no
370,2336,yes
371,2339,no
371,2338,yes
372,2341,no
372,2340,yes
373,2343,no
373,2342,yes
374,2345,no
374,2344,yes
375,2347,no
375,2346,yes
376,2349,no
376,2348,yes
377,2351,no
377,2350,yes
378,2353,no
378,2352,yes
379,2355,no
379,2354,yes
380,2357,no
380,2356,yes
381,2359,no
381,2358,yes
382,2361,no
382,2360,yes
383,2363,no
383,2362,yes
384,2365,no
384,2364,yes
385,2367,no
385,2366,yes
386,2369,over
386,2368,under
387,2371,over
387,2370,under
388,2373,over
388,2372,under
389,2375,over
389,2374,under
390,2377,over
390,2376,under
391,2379,over
391,2378,under
392,2381,over
392,2380,under
393,2383,over
393,2382,under
394,2385,over
394,2384,under
395,2387,over
395,2386,under
396,2389,over
396,2388,under
397,2391,over
397,2390,under
398,2393,over
398,2392,under
399,2395,over
399,2394,under
400,2397,over
400,2396,under
401,2399,over
401,2398,under
402,2401,over
402,2400,under
403,2403,over
403,2402,under
404,2405,over
404,2404,under
405,2407,over
405,2406,under
406,2409,over
406,2408,under
407,2411,over
407,2410,under
408,2413,over
408,2412,under
409,2415,over
409,2414,under
410,2417,over
410,2416,under
411,2419,over
411,2418,under
412,2421,over
412,2420,under
413,2423,over
413,2422,under
414,2425,over
414,2424,under
415,2427,over
415,2426,under
416,2429,over
416,2428,under
417,2431,over
417,2430,under
418,2433,over
418,2432,under
419,2435,over
419,2434,under
420,2437,over
420,2436,under
421,2439,over
421,2438,under
422,2441,over
422,2440,under
423,2443,over
423,2442,under
424,2445,over
424,2444,under
425,2446,1
425,2448,2
425,2447,x
426,2449,1
426,2451,2
426,2450,x
427,2452,1
427,2454,2
427,2453,x
428,2455,1
428,2457,2
428,2456,x
429,2458,1
429,2460,2
429,2459,x
430,2461,1
430,2463,2
430,2462,x
431,2464,1
431,2466,2
431,2465,x
432,2467,1
432,2469,2
432,2468,x
433,2470,1
433,2472,2
433,2471,x
434,2473,1
434,2475,2
434,2474,x
435,2476,1
435,2478,2
435,2477,x
436,2479,1
436,2481,2
436,2480,x
437,2482,1
437,2484,2
437,2483,x
438,2485,1
438,2487,2
438,2486,x
439,2489,over
439,2488,under
440,2491,over
440,2490,under
441,2493,over
441,2492,under
442,2495,over
442,2494,under
443,2497,over
443,2496,under
444,2499,over
444,2498,under
445,2501,over
445,2500,under
446,2502,1
446,2503,2
447,2504,1
447,2505,2
448,2511,away and over
448,2508,away and under
448,2510,draw and over
448,2507,draw and under
448,2509,home and over
448,2506,home and under
449,2512,CS:1
449,2521,CS:10
449,2513,CS:2
449,2514,CS:3
449,2515,CS:4
449,2516,CS:5
449,2517,CS:6
449,2518,CS:7
449,2519,CS:8
449,2520,CS:9
450,2522,1
450,2524,2
450,2523,x
451,2526,over
451,2525,under
452,2528,over
452,2527,under
453,2529,1
453,2530,2
454,2535,0
454,2534,1
454,2533,2
454,2532,3
454,2531,4
455,2537,even
455,2536,odd
456,2539,over
456,2538,under
457,2540,1
457,2541,2
458,2543,no
458,2542,yes
459,2545,no
459,2544,yes
460,2546,1/1
460,2547,1/2
460,2548,2/1
460,2549,2/2
461,2551,no
461,2550,yes
462,2552,1
462,2553,2
463,2554,1
463,2555,2
464,2559,>6
464,2556,4
464,2557,5
464,2558,6
465,2561,over
465,2560,under
466,2562,1
466,2563,2
467,2564,1
467,2565,2
468,2566,1
468,2567,2
469,2568,1
469,2570,2
469,2569,x
470,2572,over
470,2571,under
471,2574,over
471,2573,under
472,2576,over
472,2575,under
473,2578,over
473,2577,under
474,2579,1
474,2581,2
474,2580,x
475,2582,1
475,2584,2
475,2583,x
476,2585,1
476,2587,2
476,2586,x
477,2588,1
477,2590,2
477,2589,x
478,2591,1
478,2593,2
478,2592,x
479,2594,1
479,2596,2
479,2595,x
480,2597,1
480,2599,2
480,2598,x
481,2600,1
481,2602,2
481,2601,x
482,2604,over
482,2603,under
483,2605,1
483,2607,2
483,2606,x
484,2609,even
484,2608,odd
485,2610,1
485,2611,2
486,2612,1
486,2613,2
487,2614,1
487,2615,2
488,2616,1
488,2617,2
489,2618,1
489,2619,2
490,2620,1
490,2621,2
491,2622,over
491,2623,under
492,2624,over
492,2625,under
493,2626,over
493,2627,under
494,2628,I:1
494,2629,I:2
494,2630,I:3
494,2631,I:4
494,2632,I:5
494,2633,I:6
494,2634,I:7
494,2635,I:8
494,2636,I:9
495,2637,I:1
495,2638,I:2
495,2639,I:3
495,2640,I:4
495,2641,I:5
495,2642,I:6
495,2643,I:7
495,2644,I:8
495,2645,I:9
496,2647,even
496,2646,odd
497,2648,I:1
497,2649,I:2
497,2650,I:3
497,2651,I:4
497,2652,I:5
497,2653,I:6
497,2654,I:7
498,2655,1
498,2657,2
498,2656,x
499,2659,no
499,2658,yes
500,2660,1
500,2662,2
500,2661,x
501,2663,over
501,2664,under
502,2665,over
502,2666,under
503,2667,I:1
503,2668,I:2
503,2669,I:3
503,2670,I:4
503,2671,I:5
503,2672,I:6
503,2673,I:7
503,2674,I:8
503,2675,I:9
504,2676,I:1
504,2677,I:2
504,2678,I:3
504,2679,I:4
504,2680,I:5
504,2681,I:6
504,2682,I:7
504,2683,I:8
504,2684,I:9
505,2685,over
505,2686,under
506,2688,even
506,2687,odd
507,2689,over
507,2690,under
508,2692,Bowled
508,2691,Caught
508,2693,LBW
508,2696,others
508,2694,Run Out
508,2695,Stumped
509,2697,Caught
509,2698,Not Caught
510,2700,away
510,2699,draw
511,2702,draw
511,2701,home
512,2705,+1
512,2704,+2
512,2709,<=-3
512,2703,>=+3
512,2706,0
512,2707,-1
512,2708,-2
513,2710,0
513,2711,1
513,2712,2
513,2713,3
513,2714,4
513,2715,5
513,2716,6
513,2717,7
513,2718,8
513,2719,9+
514,2721,no
514,2720,yes
515,2723,no
515,2722,yes
516,2725,no
516,2724,yes
517,2731,away and no
517,2730,away and yes
517,2729,draw and no
517,2728,draw and yes
517,2727,home and no
517,2726,home and yes
518,2737,away goal and away
518,2736,away goal and draw
518,2735,away goal and home
518,2734,home goal and away
518,2733,home goal and draw
518,2732,home goal and home
518,2738,none
519,2740,12
519,2739,1X
519,2741,X2
520,2743,over
520,2742,under
521,2744,0
521,2745,1
521,2746,2
521,2747,3
521,2748,4+
522,2750,no
522,2749,yes
523,2751,both
523,2754,none
523,2753,only away
523,2752,only home
524,2756,no
524,2755,yes
525,2758,no
525,2757,yes
526,2759,0
526,2760,1
526,2761,2
526,2762,3+
527,2763,0
527,2764,1
527,2765,2
527,2766,3+
528,2768,over
528,2767,under
529,2770,over
529,2769,under
530,2771,0:0
530,2774,0:1
530,2777,0:2
530,2772,1:0
530,2775,1:1
530,2778,1:2
530,2773,2:0
530,2776,2:1
530,2779,2:2
530,2780,other
531,2781,1
531,2783,2
531,2782,x
532,2785,no
532,2784,yes
533,2787,no
533,2786,yes
534,2789,no
534,2788,yes
535,2791,no
535,2790,yes
536,2793,no
536,2792,yes
537,2795,no
537,2794,yes
538,2797,no
538,2796,yes
539,2799,no
539,2798,yes
540,2800,1st period
540,2801,2nd period
540,2802,3rd period
540,2803,equal
541,2804,1st period
541,2805,2nd period
541,2806,3rd period
541,2807,equal
542,2808,1st period
542,2809,2nd period
542,2810,3rd period
542,2811,equal
543,2812,1
543,2814,2
543,2813,x
544,2816,over
544,2815,under
545,2817,<=1
545,2818,2
545,2819,3
545,2820,4
545,2821,5
545,2822,6
545,2823,7
545,2824,8
545,2825,9+
546,2826,both
546,2828,only away
546,2827,only home
547,2830,no
547,2829,yes
548,2832,no
548,2831,yes
549,2833,0
549,2834,1
549,2835,2
549,2836,3+
550,2837,0
550,2838,1
550,2839,2
550,2840,3+
551,2846,0:1
551,2851,0:2
551,2856,0:3
551,2861,0:4
551,2866,0:5
551,2841,1:0
551,2852,1:2
551,2857,1:3
551,2862,1:4
551,2867,1:5
551,2842,2:0
551,2847,2:1
551,2858,2:3
551,2863,2:4
551,2868,2:5
551,2843,3:0
551,2848,3:1
551,2853,3:2
551,2864,3:4
551,2869,3:5
551,2844,4:0
551,2849,4:1
551,2854,4:2
551,2859,4:3
551,2870,4:5
551,2845,5:0
551,2850,5:1
551,2855,5:2
551,2860,5:3
551,2865,5:4
551,2871,other
552,2875,away and no
552,2874,away and yes
552,2873,home and no
552,2872,home and yes
553,2879,away goal and away
553,2878,away goal and home
553,2877,home goal and away
553,2876,home goal and home
554,2882,away
554,2880,home
554,2881,none
555,2891,away and away
555,2890,away and draw
555,2889,away and home
555,2888,draw and away
555,2887,draw and draw
555,2886,draw and home
555,2885,home and away
555,2884,home and draw
555,2883,home and home
556,2892,0:0
556,2898,0:1
556,2904,0:2
556,2910,0:3
556,2916,0:4
556,2922,0:5
556,2893,1:0
556,2899,1:1
556,2905,1:2
556,2911,1:3
556,2917,1:4
556,2923,1:5
556,2894,2:0
556,2900,2:1
556,2906,2:2
556,2912,2:3
556,2918,2:4
556,2924,2:5
556,2895,3:0
556,2901,3:1
556,2907,3:2
556,2913,3:3
556,2919,3:4
556,2925,3:5
556,2896,4:0
556,2902,4:1
556,2908,4:2
556,2914,4:3
556,2920,4:4
556,2926,4:5
556,2897,5:0
556,2903,5:1
556,2909,5:2
556,2915,5:3
556,2921,5:4
556,2927,5:5
556,2928,other
557,2934,away and away
557,2933,away and home
557,2932,draw and away
557,2931,draw and home
557,2930,home and away
557,2929,home and home
558,2935,1
558,2937,2
558,2936,x
559,2938,over
559,2939,under
560,2941,even
560,2940,odd
561,2942,over
561,2943,under
562,2945,over
562,2944,under
563,2947,over
563,2946,under
564,2949,even
564,2948,odd
565,2955,away and over
565,2952,away and under
565,2954,draw and over
565,2951,draw and under
565,2953,home and over
565,2950,home and under
566,2958,+1
566,2957,+2
566,2961,<=-3
566,2956,>=+3
566,2959,-1
566,2960,-2
567,2963,over
567,2962,under
568,2964,1
568,2965,2
569,2968,+1
569,2967,+2
569,2971,<=-3
569,2966,>=+3
569,2969,-1
569,2970,-2
570,2973,over
570,2972,under
571,2974,<=4
571,2980,10+
571,2975,5
571,2976,6
571,2977,7
571,2978,8
571,2979,9
572,2982,over
572,2981,under
573,2984,over
573,2983,under
574,2985,0:1
574,2986,0:2
574,2987,0:3
574,2988,1:0
574,2989,1:2
574,2990,1:3
574,2991,1:4
574,2992,2:0
574,2993,2:1
574,2994,2:3
574,2995,2:4
574,2996,3:0
574,2997,3:1
574,2998,3:2
574,2999,3:4
574,3000,3:5
574,3001,4:1
574,3002,4:2
574,3003,4:3
574,3004,4:5
574,3005,5:3
574,3006,5:4
574,3007,other
575,3009,even
575,3008,odd
576,3011,even
576,3010,odd
577,3013,even
577,3012,odd
578,3017,awayover
578,3015,awayunder
578,3016,homeover
578,3014,homeunder
579,3019,no
579,3018,yes
580,3020,over
580,3021,under
581,3022,over
581,3023,under
582,3025,no
582,3024,yes
583,3026,1
583,3027,2
584,3028,1
584,3029,2
585,3030,1
585,3031,2
586,3032,1
586,3033,2
587,3039,black
587,3037,blue
587,3036,brown
587,3035,green
587,3038,pink
587,3034,yellow
588,3046,black
588,3044,blue
588,3043,brown
588,3047,foul
588,3042,green
588,3045,pink
588,3040,red
588,3041,yellow
589,3048,1
589,3049,2
590,3050,1
590,3051,2
591,3053,even
591,3052,odd
592,3055,no
592,3054,yes
593,3057,no
593,3056,yes
594,3059,no
594,3058,yes
595,3061,no
595,3060,yes
596,3063,no
596,3062,yes
597,3065,no
597,3064,yes
598,3067,no
598,3066,yes
599,3068,0-49
599,3070,100-119
599,3071,120-146
599,3072,147+
599,3069,50-99
600,3074,over
600,3073,under
601,3075,1
601,3076,2
602,3078,no
602,3077,yes
603,3080,even
603,3079,odd
604,3081,CS:1
604,3090,CS:10
604,3091,CS:11
604,3092,CS:12
604,3093,CS:13
604,3094,CS:14
604,3095,CS:15
604,3096,CS:16
604,3097,CS:17
604,3098,CS:18
604,3099,CS:19
604,3082,CS:2
604,3100,CS:20
604,3101,CS:21
604,3102,CS:22
604,3103,CS:23
604,3104,CS:24
604,3105,CS:25
604,3106,CS:26
604,3107,CS:27
604,3108,CS:28
604,3109,CS:29
604,3083,CS:3
604,3110,CS:30
604,3111,CS:31
604,3112,CS:32
604,3113,CS:33
604,3114,CS:34
604,3115,CS:35
604,3116,CS:36
604,3084,CS:4
604,3085,CS:5
604,3086,CS:6
604,3087,CS:7
604,3088,CS:8
604,3089,CS:9
605,3117,1
605,3119,2
605,3118,x
606,3120,1
606,3121,2
607,3124,away
607,3122,home
607,3123,none
608,3125,0-4
608,3129,11-13
608,3130,14+
608,3126,5-6
608,3127,7-8
608,3128,9-10
609,3132,exact
609,3133,over
609,3131,under
610,3134,1
610,3136,2
610,3135,x
611,3137,1
611,3138,2
611,3139,3
611,3140,4
611,3141,5
611,3142,6
611,3143,7
611,3144,8
611,3145,9
611,3146,equal
612,3147,1
612,3149,2
612,3148,x
613,3151,over
613,3150,under
614,3153,over
614,3152,under
615,3155,over
615,3154,under
616,3157,over
616,3156,under
617,3159,over
617,3158,under
618,3161,over
618,3160,under
619,3163,over
619,3162,under
620,3165,over
620,3164,under
621,3167,over
621,3166,under
622,3169,over
622,3168,under
623,3171,over
623,3170,under
624,3172,1
624,3173,2
625,3174,1
625,3176,2
625,3175,x
626,3177,1
626,3179,2
626,3178,x
627,3181,12
627,3180,1X
627,3182,X2
628,3183,1
628,3184,2
629,3185,1
629,3186,2
630,3187,1
630,3189,2
630,3188,x
631,3191,over
631,3190,under
632,3193,over
632,3192,under
633,3195,over
633,3194,under
634,3197,even
634,3196,odd
635,3198,1
635,3200,2
635,3199,x
636,3202,12
636,3201,1X
636,3203,X2
637,3204,1
637,3205,2
638,3206,1
638,3207,2
639,3208,1
639,3210,2
639,3209,x
640,3212,over
640,3211,under
641,3214,over
641,3213,under
642,3216,over
642,3215,under
643,3218,even
643,3217,odd
644,3221,away
644,3219,home
644,3220,none
645,3227,drop A
645,3224,drop H
645,3226,pen A
645,3223,pen H
645,3225,try A
645,3222,try H
646,3228,1
646,3229,2
647,3232,away
647,3230,home
647,3231,none
648,3234,even
648,3233,odd
649,3236,12
649,3235,1X
649,3237,X2
650,3238,1
650,3239,2
651,3241,away
651,3240,draw
652,3243,draw
652,3242,home
653,3244,1
653,3246,2
653,3245,x
654,3248,over
654,3247,under
655,3249,1
655,3251,2
655,3250,x
656,3253,even
656,3252,odd
657,3254,1
657,3255,2
658,3256,1
658,3257,2
659,3259,over
659,3258,under
660,3260,1
660,3262,2
660,3261,x
661,3263,1
661,3265,2
661,3264,x
662,3267,over
662,3266,under
663,3268,1
663,3270,2
663,3269,x
664,3271,1
664,3273,2
664,3272,x
665,3275,over
665,3274,under
666,3276,1
666,3278,2
666,3277,x
667,3280,over
667,3279,under
668,3285,0:1
668,3286,0:2
668,3287,0:3
668,3288,0:4
668,3281,1:0
668,3301,1:1
668,3292,1:2
668,3293,1:3
668,3294,1:4
668,3282,2:0
668,3289,2:1
668,3297,2:3
668,3298,2:4
668,3283,3:0
668,3290,3:1
668,3295,3:2
668,3300,3:4
668,3284,4:0
668,3291,4:1
668,3296,4:2
668,3299,4:3
669,3302,1
669,3303,2
670,3304,1
670,3306,2
670,3305,x
671,3308,over
671,3307,under
672,3309,1
672,3310,2
673,3312,no
673,3311,yes
674,3313,1
674,3314,2
675,3315,1
675,3316,2
676,3317,1
676,3318,2
677,3319,1
677,3321,2
677,3320,x
678,3322,1
678,3324,2
678,3323,x
679,3325,1
679,3326,2
680,3329,away
680,3327,home
680,3328,none
681,3331,over
681,3330,under
682,3333,even
682,3332,odd
683,3335,over
683,3334,under
684,3337,over
684,3336,under
685,3338,min 01-10
685,3339,min 11-20
685,3340,min 21-30
685,3341,min 31-40
685,3342,min 41-50
685,3343,min 51-60
685,3344,min 61-70
685,3345,min 71-80
685,3346,min 81-90
685,3347,no goal
686,3348,1
686,3350,2
686,3349,x
687,3351,1
687,3352,2
688,3355,away
688,3353,home
688,3354,none
689,3357,over
689,3356,under
690,3359,even
690,3358,odd
691,3361,over
691,3360,under
692,3363,over
692,3362,under
693,3364,1
693,3366,2
693,3365,x
694,3367,1
694,3368,2
695,3371,away
695,3369,home
695,3370,none
696,3373,over
696,3372,under
697,3375,even
697,3374,odd
698,3377,over
698,3376,under
699,3379,over
699,3378,under
700,3380,1
700,3381,2
701,3382,1
701,3383,2
702,3384,1
702,3385,2
703,3386,1
703,3387,2
704,3390,away
704,3388,home
704,3389,none
705,3393,away
705,3391,home
705,3392,none
706,3396,away
706,3394,home
706,3395,none
707,3399,away
707,3397,home
707,3398,none
708,3400,1
708,3402,2
708,3401,x
709,3403,1
709,3405,2
709,3404,x
710,3406,o
710,3407,u
711,3409,no
711,3408,yes
712,3410,1
712,3412,2
712,3411,x
713,3413,1
713,3415,2
713,3414,x
714,3416,1
714,3418,2
714,3417,x
715,3420,over
715,3419,under
716,3422,over
716,3421,under
717,3424,over
717,3423,under
718,3426,no
718,3425,yes
719,3428,no
719,3427,yes
720,3430,no
720,3429,yes
721,3432,no
721,3431,yes
722,3434,no
722,3433,yes
723,3436,no
723,3435,yes
724,3438,no
724,3437,yes
725,3440,no
725,3439,yes
726,3442,no
726,3441,yes
727,3443,1
727,3444,2
728,3445,1
728,3446,2
729,3447,1
729,3448,2
730,3449,1
730,3450,2
731,3451,1
731,3452,2
732,3458,away and no
732,3457,away and yes
732,3456,draw and no
732,3455,draw and yes
732,3454,home and no
732,3453,home and yes
733,3464,away and over
733,3463,away and under
733,3462,draw and over
733,3461,draw and under
733,3460,home and over
733,3459,home and under
734,3468,12 and over
734,3467,12 and under
734,3466,1X and over
734,3465,1X and under
734,3470,X2 and over
734,3469,X2 and under
735,3474,12 and no
735,3473,12 and yes
735,3472,1X and no
735,3471,1X and yes
735,3476,X2 and no
735,3475,X2 and yes
736,3478,no
736,3477,yes
737,3484,away and over
737,3481,away and under
737,3483,draw and over
737,3480,draw and under
737,3482,home and over
737,3479,home and under
738,3487,high center
738,3485,high left
738,3489,high right
738,3488,low center
738,3486,low left
738,3490,low right
739,3492,no
739,3491,yes
740,3493,0
740,3494,1
740,3495,2
740,3496,3+
741,3502,away and no
741,3501,away and yes
741,3500,draw and no
741,3499,draw and yes
741,3498,home and no
741,3497,home and yes
742,3508,AT 11+
742,3506,AT 1-5
742,3507,AT 6-10
742,3503,HT 11+
742,3505,HT 1-5
742,3504,HT 6-10
743,3515,AT 11+
743,3513,AT 1-5
743,3514,AT 6-10
743,3509,HT 11+
743,3511,HT 1-5
743,3510,HT 6-10
743,3512,x
744,3516,over
744,3517,under
745,3518,over
745,3519,under
746,3522,1
746,3524,2
746,3523,x
747,3525,1
747,3527,2
747,3526,x
748,3821,equals
748,3819,first half
748,3820,second half
749,3824,equals
749,3822,first half
749,3823,second half
750,6201,11
750,6203,12
750,6202,1X
750,6207,21
750,6209,22
750,6208,2X
750,6204,X1
750,6206,X2
750,6205,XX
751,6211,over
751,6210,under
752,6212,<21
752,6218,>45
752,6213,21-25
752,6214,26-30
752,6215,31-35
752,6216,36-40
752,6217,41-45
753,6219,<11
753,6225,>30
753,6220,11-14
753,6221,15-18
753,6222,19-22
753,6223,23-26
753,6224,27-30
754,6226,0
754,6227,1
754,6228,2
754,6229,3
754,6230,4+
755,6231,0
755,6232,1
755,6233,2
755,6234,3
755,6235,4+
756,6242,AT >4
756,6240,AT 1-2
756,6241,AT 3-4
756,6239,Draw
756,6236,HT >4
756,6238,HT 1-2
756,6237,HT 3-4
757,6243,<47
757,6249,>61
757,6244,47-49
757,6245,50-52
757,6246,53-55
757,6247,56-58
757,6248,59-61
758,6250,<20
758,6256,>34
758,6251,20-22
758,6252,23-25
758,6253,26-28
758,6254,29-31
758,6255,32-34
759,6257,<20
759,6263,>34
759,6258,20-22
759,6259,23-25
759,6260,26-28
759,6261,29-31
759,6262,32-34
760,6264,<20
760,6270,>34
760,6265,20-22
760,6266,23-25
760,6267,26-28
760,6268,29-31
760,6269,32-34
761,6271,<9
761,6277,>18
761,6273,11-12
761,6274,13-14
761,6275,15-16
761,6276,17-18
761,6272,9-10
762,6278,<9
762,6284,>18
762,6280,11-12
762,6281,13-14
762,6282,15-16
762,6283,17-18
762,6279,9-10
763,6285,1
763,6287,2
763,6286,x
764,6288,1
764,6289,2
765,6290,1
765,6291,2
766,6293,even
766,6292,odd
767,6295,over
767,6294,under
768,6297,no
768,6296,yes
769,6299,over
769,6298,under
770,6300,1
770,6301,2
771,6303,over
771,6302,under
772,6305,over
772,6304,under
773,6307,no
773,6306,yes
774,6309,no
774,6308,yes
775,6311,over
775,6310,under
776,6313,over
776,6312,under
777,6314,0
777,6315,1
777,6316,2
777,6317,3
777,6318,4
777,6319,5+
778,6322,any extra inning
778,6321,bottom of 9th inning
778,6320,top of 9th inning
779,6323,[inningNr] inning
779,6324,[inningNr+1] inning
779,6325,[inningNr+2] inning
779,6326,other inning or no r
780,6328,over
780,6327,under
781,6330,no
781,6329,yes
782,6336,away and away
782,6339,away and draw
782,6335,away and home
782,6334,draw and away
782,6338,draw and draw
782,6333,draw and home
782,6332,home and away
782,6337,home and draw
782,6331,home and home
783,6340,1
783,6342,2
783,6341,x
784,6343,1
784,6344,2
785,6346,even
785,6345,odd
786,6347,1
786,6348,2
787,6350,over
787,6349,under
788,6352,over
788,6351,under
789,6354,no
789,6353,yes
790,6356,no
790,6355,yes
791,6358,no
791,6357,yes
792,6359,1
792,6360,2
793,6367,AT >31
793,6365,AT 1-14
793,6366,AT 15-31
793,6364,Draw
793,6361,HT >31
793,6363,HT 1-14
793,6362,HT 15-31
794,6368,<145
794,6374,>218
794,6369,145-161
794,6370,162-173
794,6371,174-186
794,6372,187-200
794,6373,201-218
795,6381,AT >15
795,6379,AT 1-7
795,6380,AT 8-15
795,6378,Draw
795,6375,HT >15
795,6377,HT 1-7
795,6376,HT 8-15
796,6382,<72
796,6388,>109
796,6387,101-109
796,6383,72-80
796,6384,81-86
796,6385,87-93
796,6386,94-100
797,6395,AT >8
797,6393,AT 1-3
797,6394,AT 4-8
797,6392,Draw
797,6389,HT >8
797,6391,HT 1-3
797,6390,HT 4-8
798,6396,<36
798,6402,>54
798,6397,36-40
798,6398,41-43
798,6399,44-46
798,6400,47-50
798,6401,51-54
799,6404,over
799,6403,under
800,6406,over
800,6405,under
801,6407,0:0
801,6413,0:1
801,6414,0:2
801,6410,1:0
801,6408,1:1
801,6415,1:2
801,6411,2:0
801,6412,2:1
801,6409,2:2
801,6416,other
802,6418,no
802,6417,yes
803,6420,no
803,6419,yes
804,6422,no
804,6421,yes
805,6469,none
805,6471,other
805,6470,own goal
805,6445,player away 1
805,6454,player away 10
805,6455,player away 11
805,6456,player away 12
805,6457,player away 13
805,6458,player away 14
805,6459,player away 15
805,6460,player away 16
805,6461,player away 17
805,6462,player away 18
805,6463,player away 19
805,6446,player away 2
805,6464,player away 20
805,6465,player away 21
805,6468,player away 22
805,6466,player away 23
805,6447,player away 3
805,6448,player away 4
805,6449,player away 5
805,6450,player away 6
805,6451,player away 7
805,6452,player away 8
805,6453,player away 9
805,6423,player home 1
805,6432,player home 10
805,6433,player home 11
805,6434,player home 12
805,6435,player home 13
805,6436,player home 14
805,6437,player home 15
805,6438,player home 16
805,6439,player home 17
805,6440,player home 18
805,6441,player home 19
805,6424,player home 2
805,6442,player home 20
805,6443,player home 21
805,6444,player home 22
805,6467,player home 23
805,6425,player home 3
805,6426,player home 4
805,6427,player home 5
805,6428,player home 6
805,6429,player home 7
805,6430,player home 8
805,6431,player home 9
806,6473,no
806,6472,yes
807,6476,away
807,6475,draw
807,6474,home
807,6477,other
808,6480,away
808,6479,draw
808,6478,home
808,6481,other
809,6492,0:1
809,6493,0:2
809,6494,0:3
809,6495,0:4
809,6482,1:0
809,6502,1:1
809,6496,1:2
809,6497,1:3
809,6498,1:4
809,6483,2:0
809,6486,2:1
809,6503,2:2
809,6499,2:3
809,6500,2:4
809,6484,3:0
809,6487,3:1
809,6489,3:2
809,6504,3:3
809,6501,3:4
809,6485,4:0
809,6488,4:1
809,6490,4:2
809,6491,4:3
809,6505,4:4
809,6506,other
810,6517,0:1
810,6518,0:2
810,6519,0:3
810,6520,0:4
810,6507,1:0
810,6527,1:1
810,6521,1:2
810,6522,1:3
810,6523,1:4
810,6508,2:0
810,6511,2:1
810,6528,2:2
810,6524,2:3
810,6525,2:4
810,6509,3:0
810,6512,3:1
810,6514,3:2
810,6529,3:3
810,6526,3:4
810,6510,4:0
810,6513,4:1
810,6515,4:2
810,6516,4:3
810,6530,4:4
810,6531,other
811,6555,player away 1
811,6564,player away 10
811,6565,player away 11
811,6566,player away 12
811,6567,player away 13
811,6568,player away 14
811,6569,player away 15
811,6570,player away 16
811,6571,player away 17
811,6572,player away 18
811,6573,player away 19
811,6556,player away 2
811,6574,player away 20
811,6575,player away 21
811,6576,player away 22
811,6577,player away 23
811,6557,player away 3
811,6558,player away 4
811,6559,player away 5
811,6560,player away 6
811,6561,player away 7
811,6562,player away 8
811,6563,player away 9
811,6532,player home 1
811,6541,player home 10
811,6542,player home 11
811,6543,player home 12
811,6544,player home 13
811,6545,player home 14
811,6546,player home 15
811,6547,player home 16
811,6548,player home 17
811,6549,player home 18
811,6550,player home 19
811,6533,player home 2
811,6551,player home 20
811,6552,player home 21
811,6553,player home 22
811,6554,player home 23
811,6534,player home 3
811,6535,player home 4
811,6536,player home 5
811,6537,player home 6
811,6538,player home 7
811,6539,player home 8
811,6540,player home 9
812,6601,player away 1
812,6610,player away 10
812,6611,player away 11
812,6612,player away 12
812,6613,player away 13
812,6614,player away 14
812,6615,player away 15
812,6616,player away 16
812,6617,player away 17
812,6618,player away 18
812,6619,player away 19
812,6602,player away 2
812,6620,player away 20
812,6621,player away 21
812,6622,player away 22
812,6623,player away 23
812,6603,player away 3
812,6604,player away 4
812,6605,player away 5
812,6606,player away 6
812,6607,player away 7
812,6608,player away 8
812,6609,player away 9
812,6578,player home 1
812,6587,player home 10
812,6588,player home 11
812,6589,player home 12
812,6590,player home 13
812,6591,player home 14
812,6592,player home 15
812,6593,player home 16
812,6594,player home 17
812,6595,player home 18
812,6596,player home 19
812,6579,player home 2
812,6597,player home 20
812,6598,player home 21
812,6599,player home 22
812,6600,player home 23
812,6580,player home 3
812,6581,player home 4
812,6582,player home 5
812,6583,player home 6
812,6584,player home 7
812,6585,player home 8
812,6586,player home 9
813,6647,home team no goal
813,6624,player home 1
813,6633,player home 10
813,6634,player home 11
813,6635,player home 12
813,6636,player home 13
813,6637,player home 14
813,6638,player home 15
813,6639,player home 16
813,6640,player home 17
813,6641,player home 18
813,6642,player home 19
813,6625,player home 2
813,6643,player home 20
813,6644,player home 21
813,6645,player home 22
813,6646,player home 23
813,6626,player home 3
813,6627,player home 4
813,6628,player home 5
813,6629,player home 6
813,6630,player home 7
813,6631,player home 8
813,6632,player home 9
814,6671,away team no goal
814,6648,player away 1
814,6657,player away 10
814,6658,player away 11
814,6659,player away 12
814,6660,player away 13
814,6661,player away 14
814,6662,player away 15
814,6663,player away 16
814,6664,player away 17
814,6665,player away 18
814,6666,player away 19
814,6649,player away 2
814,6667,player away 20
814,6668,player away 21
814,6669,player away 22
814,6670,player away 23
814,6650,player away 3
814,6651,player away 4
814,6652,player away 5
814,6653,player away 6
814,6654,player away 7
814,6655,player away 8
814,6656,player away 9
815,6673,over
815,6672,under
816,6675,over
816,6674,under
817,6677,over
817,6676,under
818,6679,over
818,6678,under
819,6681,over
819,6680,under
820,6682,1
820,6683,2
821,6691,0:7
821,6692,1:7
821,6693,2:7
821,6694,3:7
821,6695,4:7
821,6696,5:7
821,6684,7:0
821,6685,7:1
821,6686,7:2
821,6687,7:3
821,6688,7:4
821,6689,7:5
821,6697,"other, away"
821,6690,"other, home"
822,6698,over
822,6699,under
823,6704,free kick
823,6701,header
823,6705,none
823,6702,own goal
823,6703,penalty
823,6700,shot
824,6706,0
824,6707,1
824,6708,2
824,6709,3
824,6710,4
824,6711,5+
825,6712,0:0
825,6715,0:1
825,6718,0:2
825,6713,1:0
825,6716,1:1
825,6719,1:2
825,6714,2:0
825,6717,2:1
825,6720,2:2
825,6721,other
826,6730,AA
826,6729,AD
826,6728,AH
826,6727,DA
826,6726,DD
826,6725,DH
826,6724,HA
826,6723,HD
826,6722,HH
827,6749,away D/ST
827,6750,away other player
827,6748,away QB 1
827,6745,away RB 1
827,6746,away RB 2
827,6747,away TE 1
827,6741,away WR 1
827,6742,away WR 2
827,6743,away WR 3
827,6744,away WR 4
827,6739,home D/ST
827,6740,home other player
827,6738,home QB 1
827,6735,home RB 1
827,6736,home RB 2
827,6737,home TE 1
827,6731,home WR 1
827,6732,home WR 2
827,6733,home WR 3
827,6734,home WR 4
828,6751,over
828,6752,under
829,6775,player away 1
829,6784,player away 10
829,6785,player away 11
829,6786,player away 12
829,6787,player away 13
829,6788,player away 14
829,6789,player away 15
829,6790,player away 16
829,6791,player away 17
829,6792,player away 18
829,6793,player away 19
829,6776,player away 2
829,6794,player away 20
829,6795,player away 21
829,6796,player away 22
829,6777,player away 3
829,6778,player away 4
829,6779,player away 5
829,6780,player away 6
829,6781,player away 7
829,6782,player away 8
829,6783,player away 9
829,6753,player home 1
829,6762,player home 10
829,6763,player home 11
829,6764,player home 12
829,6765,player home 13
829,6766,player home 14
829,6767,player home 15
829,6768,player home 16
829,6769,player home 17
829,6770,player home 18
829,6771,player home 19
829,6754,player home 2
829,6772,player home 20
829,6773,player home 21
829,6774,player home 22
829,6755,player home 3
829,6756,player home 4
829,6757,player home 5
829,6758,player home 6
829,6759,player home 7
829,6760,player home 8
829,6761,player home 9
830,6819,player away 1
830,6828,player away 10
830,6829,player away 11
830,6830,player away 12
830,6831,player away 13
830,6832,player away 14
830,6833,player away 15
830,6834,player away 16
830,6835,player away 17
830,6836,player away 18
830,6837,player away 19
830,6820,player away 2
830,6838,player away 20
830,6839,player away 21
830,6840,player away 22
830,6821,player away 3
830,6822,player away 4
830,6823,player away 5
830,6824,player away 6
830,6825,player away 7
830,6826,player away 8
830,6827,player away 9
830,6797,player home 1
830,6806,player home 10
830,6807,player home 11
830,6808,player home 12
830,6809,player home 13
830,6810,player home 14
830,6811,player home 15
830,6812,player home 16
830,6813,player home 17
830,6814,player home 18
830,6815,player home 19
830,6798,player home 2
830,6816,player home 20
830,6817,player home 21
830,6818,player home 22
830,6799,player home 3
830,6800,player home 4
830,6801,player home 5
830,6802,player home 6
830,6803,player home 7
830,6804,player home 8
830,6805,player home 9
831,6843,away
831,6841,home
831,6842,none
832,6846,away
832,6844,home
832,6845,none
833,6851,Empty Net
833,6847,Even Strength
833,6852,No Goal
833,6850,Penalty
833,6848,Power Play
833,6849,Short-Handed
834,6857,Empty Net
834,6853,Even Strength
834,6858,No Goal
834,6856,Penalty
834,6854,Power Play
834,6855,Short-Handed
835,6863,Empty Net
835,6859,Even Strength
835,6864,No Goal
835,6862,Penalty
835,6860,Power Play
835,6861,Short-Handed
836,6865,1 point score
836,6866,2 point score
836,6867,3 point score
837,6869,ball
837,6870,hit
837,6871,other
837,6868,strike
838,6873,no
838,6872,yes
839,6875,no
839,6874,yes
840,6877,double
840,6879,home run
840,6880,no further hit
840,6876,single
840,6878,triple
841,6883,home run
841,6881,on base
841,6882,out
842,6885,no
842,6884,yes
843,6887,no
843,6886,yes
844,6889,no
844,6888,yes
845,6891,over
845,6890,under
846,6893,over
846,6892,under
847,6895,over
847,6894,under
848,6897,over
848,6896,under
849,6899,over
849,6898,under
850,6901,over
850,6900,under
851,6903,over
851,6902,under
852,6905,over
852,6904,under
853,6907,over
853,6906,under
854,6909,over
854,6908,under
855,6911,over
855,6910,under
856,6913,pass
856,6912,rush
857,6915,no
857,6914,yes
858,6917,over
858,6916,under
859,6919,no
859,6918,yes
860,6921,no
860,6920,yes
861,6924,field goal attempt
861,6925,other
861,6922,punt
861,6923,touchdown
862,6926,1
862,6927,2
863,6928,1
863,6929,2
864,6931,over
864,6930,under
865,6932,1
865,6934,2
865,6933,x
866,6935,1
866,6936,2
867,6940,away 1 point
867,6941,away 2 point
867,6942,away 3 point
867,6937,home 1 point
867,6938,home 2 point
867,6939,home 3 point
